2026-06-15 15:45:42 [Application] info: [email] SES not configured — skipping send {"to":"test@example.com","subject":"Welcome to Maven CRM QR — your account is ready","hasClient":false,"hasFrom":false}
2026-06-16 11:57:52 [Application] error: [EmailDeliveryError] EMAIL_DELIVERY_ERROR: Something went wrong {"code":"EMAIL_DELIVERY_ERROR","recipient":null,"subject":null}
2026-06-16 11:57:52 [Application] error: [EmailDeliveryError] EMAIL_CONFIG_ERROR: Config error {"code":"EMAIL_CONFIG_ERROR","recipient":null,"subject":null}
2026-06-16 11:57:52 [Application] error: [EmailDeliveryError] EMAIL_DELIVERY_ERROR: Wrapped {"code":"EMAIL_DELIVERY_ERROR","recipient":null,"subject":null}
2026-06-16 11:57:52 [Application] error: [EmailDeliveryError] EMAIL_DELIVERY_ERROR: Failed {"code":"EMAIL_DELIVERY_ERROR","recipient":"u**r@example.com","subject":"Test"}
2026-06-16 11:57:52 [Application] error: [EmailDeliveryError] EMAIL_DELIVERY_ERROR: Test {"code":"EMAIL_DELIVERY_ERROR","recipient":"j*****e@example.com","subject":null}
2026-06-16 11:57:52 [Application] error: [EmailDeliveryError] EMAIL_TEST_ERROR: Error message {"code":"EMAIL_TEST_ERROR","recipient":null,"subject":null}
2026-06-16 11:57:52 [Application] warn: [retry] email send failed (attempt 1/3), retrying in 1068ms {"attempt":1,"maxAttempts":3,"delay":1068,"error":"timeout","transient":true}
2026-06-16 11:57:52 [Application] error: [EmailDeliveryError] EMAIL_CONFIG_ERROR: AWS region is not configured. Set AWS_REGION environment variable. {"code":"EMAIL_CONFIG_ERROR","recipient":null,"subject":null}
2026-06-16 11:57:53 [Application] error: [EmailDeliveryError] EMAIL_CONFIG_ERROR: AWS region is not configured. Set AWS_REGION environment variable. {"code":"EMAIL_CONFIG_ERROR","recipient":null,"subject":null}
2026-06-16 11:57:53 [Application] error: [EmailDeliveryError] EMAIL_CONFIG_ERROR: Sender email (EMAIL_FROM) is not configured. {"code":"EMAIL_CONFIG_ERROR","recipient":null,"subject":null}
2026-06-16 11:57:53 [Application] error: [EmailDeliveryError] EMAIL_CONFIG_ERROR: Sender email (EMAIL_FROM) is not configured. {"code":"EMAIL_CONFIG_ERROR","recipient":null,"subject":null}
2026-06-16 11:57:53 [Application] info: [email:ses] Creating SES client {"region":"ap-south-1","hasCredentials":true,"useDefaultCredentialChain":false}
2026-06-16 11:57:53 [Application] debug: [email:ses] Sending email {"to":["recipient@example.com"],"subject":"Test Subject","hasHtml":true,"hasText":true,"attempt":1}
2026-06-16 11:57:53 [Application] info: [email:ses] Sent successfully {"to":["recipient@example.com"],"subject":"Test Subject","messageId":"aws-msg-12345","attempt":1}
2026-06-16 11:57:53 [Application] info: [email:ses] Creating SES client {"region":"ap-south-1","hasCredentials":true,"useDefaultCredentialChain":false}
2026-06-16 11:57:53 [Application] debug: [email:ses] Sending email {"to":["user@example.com"],"subject":"Plain text","hasHtml":false,"hasText":true,"attempt":1}
2026-06-16 11:57:53 [Application] info: [email:ses] Sent successfully {"to":["user@example.com"],"subject":"Plain text","messageId":"msg-2","attempt":1}
2026-06-16 11:57:53 [Application] info: [email:ses] Creating SES client {"region":"ap-south-1","hasCredentials":true,"useDefaultCredentialChain":false}
2026-06-16 11:57:53 [Application] debug: [email:ses] Sending email {"to":["recipient@example.com"],"subject":"Test Subject","hasHtml":true,"hasText":true,"attempt":1}
2026-06-16 11:57:53 [Application] warn: [retry] SES email to recipient@example.com failed (attempt 1/3), retrying in 1034ms {"attempt":1,"maxAttempts":3,"delay":1034,"error":"Rate exceeded","transient":true}
2026-06-16 11:57:53 [Application] error: [EmailDeliveryError] EMAIL_CONFIG_ERROR: SMTP configuration is incomplete. Set SMTP_HOST, SMTP_USER, and SMTP_PASS environment variables. {"code":"EMAIL_CONFIG_ERROR","recipient":null,"subject":null}
2026-06-16 11:57:53 [Application] error: [EmailDeliveryError] EMAIL_CONFIG_ERROR: SMTP configuration is incomplete. Set SMTP_HOST, SMTP_USER, and SMTP_PASS environment variables. {"code":"EMAIL_CONFIG_ERROR","recipient":null,"subject":null}
2026-06-16 11:57:53 [Application] info: [email:smtp] Creating SMTP transport with connection pooling {"host":"smtp.example.com","port":587,"pool":true}
2026-06-16 11:57:53 [Application] debug: [email:smtp] Sending email {"to":["recipient@example.com"],"subject":"Test Subject","hasHtml":true,"hasText":true,"hasAttachments":false,"attempt":1}
2026-06-16 11:57:53 [Application] info: [email:smtp] Sent successfully {"to":["recipient@example.com"],"subject":"Test Subject","messageId":"test-message-id","response":"250 OK","attempt":1}
2026-06-16 11:57:53 [Application] info: [email:smtp] Creating SMTP transport with connection pooling {"host":"smtp.example.com","port":587,"pool":true}
2026-06-16 11:57:53 [Application] debug: [email:smtp] Sending email {"to":["user@example.com"],"subject":"Plain text","hasHtml":false,"hasText":true,"hasAttachments":false,"attempt":1}
2026-06-16 11:57:53 [Application] info: [email:smtp] Sent successfully {"to":["user@example.com"],"subject":"Plain text","messageId":"msg-1","response":"250 OK","attempt":1}
2026-06-16 11:57:53 [Application] info: [email:smtp] Creating SMTP transport with connection pooling {"host":"smtp.example.com","port":587,"pool":true}
2026-06-16 11:57:53 [Application] debug: [email:smtp] Sending email {"to":["recipient@example.com"],"subject":"Test Subject","hasHtml":true,"hasText":true,"hasAttachments":true,"attempt":1}
2026-06-16 11:57:53 [Application] info: [email:smtp] Sent successfully {"to":["recipient@example.com"],"subject":"Test Subject","messageId":"msg-2","response":"250 OK","attempt":1}
2026-06-16 11:57:53 [Application] info: [email:smtp] Creating SMTP transport with connection pooling {"host":"smtp.example.com","port":587,"pool":true}
2026-06-16 11:57:53 [Application] debug: [email:smtp] Sending email {"to":["recipient@example.com"],"subject":"Test Subject","hasHtml":true,"hasText":true,"hasAttachments":false,"attempt":1}
2026-06-16 11:57:53 [Application] warn: [retry] SMTP email to recipient@example.com failed (attempt 1/3), retrying in 1000ms {"attempt":1,"maxAttempts":3,"delay":1000,"error":"Timeout","transient":true}
2026-06-16 11:57:53 [Application] info: [email:factory] Creating provider {"environment":"production"}
2026-06-16 11:57:53 [Application] info: [email:factory] Using SES provider (production)
2026-06-16 11:57:53 [Application] info: [email:factory] Creating provider {"environment":"development"}
2026-06-16 11:57:53 [Application] info: [email:factory] Using SMTP provider (development)
2026-06-16 11:57:53 [Application] info: [email:factory] Creating provider {"environment":"test"}
2026-06-16 11:57:53 [Application] info: [email:factory] Using SMTP provider (test)
2026-06-16 11:57:53 [Application] info: [email:factory] Creating provider {"environment":"staging"}
2026-06-16 11:57:53 [Application] info: [email:factory] Using SMTP provider (staging)
2026-06-16 11:57:53 [Application] info: [email:factory] Creating provider {"environment":"unknown"}
2026-06-16 11:57:53 [Application] warn: [email:factory] Unknown environment "unknown", falling back to SMTP
2026-06-16 11:57:53 [Application] info: [email:factory] Creating provider {"environment":"development"}
2026-06-16 11:57:53 [Application] info: [email:factory] Using SMTP provider (development)
2026-06-16 11:57:53 [Application] info: [email:factory] Creating provider {"environment":"production"}
2026-06-16 11:57:53 [Application] info: [email:factory] Using SES provider (production)
2026-06-16 11:57:53 [Application] error: [EmailDeliveryError] EMAIL_CONFIG_ERROR: A valid EmailProvider instance is required {"code":"EMAIL_CONFIG_ERROR","recipient":null,"subject":null}
2026-06-16 11:57:53 [Application] error: [EmailDeliveryError] EMAIL_CONFIG_ERROR: A valid EmailProvider instance is required {"code":"EMAIL_CONFIG_ERROR","recipient":null,"subject":null}
2026-06-16 11:57:53 [Application] info: [email:service] Sending email {"to":["user@example.com"],"subject":"Test","hasHtml":true,"hasText":false,"hasAttachments":false}
2026-06-16 11:57:53 [Application] info: [email:service] Email delivered {"to":["user@example.com"],"subject":"Test","messageId":"msg-1"}
2026-06-16 11:57:53 [Application] error: [EmailDeliveryError] EMAIL_VALIDATION_ERROR: Recipient email (to) is required {"code":"EMAIL_VALIDATION_ERROR","recipient":null,"subject":null}
2026-06-16 11:57:53 [Application] error: [EmailDeliveryError] EMAIL_VALIDATION_ERROR: Email subject is required {"code":"EMAIL_VALIDATION_ERROR","recipient":"u**r@example.com","subject":null}
2026-06-16 11:57:53 [Application] error: [EmailDeliveryError] EMAIL_VALIDATION_ERROR: Email body (html or text) is required {"code":"EMAIL_VALIDATION_ERROR","recipient":"u**r@example.com","subject":null}
2026-06-16 11:57:53 [Application] info: [email:service] Sending email {"to":["user@example.com"],"subject":"Test","hasHtml":true,"hasText":false,"hasAttachments":false}
2026-06-16 11:57:53 [Application] error: [EmailDeliveryError] EMAIL_TRANSPORT_ERROR: Failed to send email: Provider error {"code":"EMAIL_TRANSPORT_ERROR","recipient":"u**r@example.com","subject":"Test"}
2026-06-16 11:57:53 [Application] error: [EmailDeliveryError] EMAIL_CONFIG_ERROR: Bad config {"code":"EMAIL_CONFIG_ERROR","recipient":null,"subject":null}
2026-06-16 11:57:53 [Application] info: [email:service] Sending email {"to":["user@example.com"],"subject":"Test","hasHtml":true,"hasText":false,"hasAttachments":false}
2026-06-16 11:57:53 [Application] info: [email:service] Sending email {"to":["new@example.com"],"subject":"Welcome to Maven CRM QR — your account is ready","hasHtml":true,"hasText":true,"hasAttachments":false}
2026-06-16 11:57:53 [Application] info: [email:service] Email delivered {"to":["new@example.com"],"subject":"Welcome to Maven CRM QR — your account is ready","messageId":"welcome-msg"}
2026-06-16 11:57:53 [Application] info: [email:service] Sending email {"to":["new@example.com"],"subject":"Welcome to Maven CRM QR — your account is ready","hasHtml":true,"hasText":true,"hasAttachments":false}
2026-06-16 11:57:53 [Application] info: [email:service] Email delivered {"to":["new@example.com"],"subject":"Welcome to Maven CRM QR — your account is ready","messageId":"welcome-msg-2"}
2026-06-16 11:57:53 [Application] info: [email:service] Sending email {"to":["user@example.com"],"subject":"Reset your Maven CRM QR password","hasHtml":true,"hasText":true,"hasAttachments":false}
2026-06-16 11:57:53 [Application] info: [email:service] Email delivered {"to":["user@example.com"],"subject":"Reset your Maven CRM QR password","messageId":"reset-msg"}
2026-06-16 11:57:53 [Application] info: [email:service] Sending email {"to":["user@example.com"],"subject":"Reset your Maven CRM QR password","hasHtml":true,"hasText":true,"hasAttachments":false}
2026-06-16 11:57:53 [Application] info: [email:service] Email delivered {"to":["user@example.com"],"subject":"Reset your Maven CRM QR password","messageId":"reset-msg"}
2026-06-16 11:57:53 [Application] info: [email:service] Sending email {"to":["user@example.com"],"subject":"Your OTP code — Maven CRM QR","hasHtml":true,"hasText":true,"hasAttachments":false}
2026-06-16 11:57:53 [Application] info: [email:service] Email delivered {"to":["user@example.com"],"subject":"Your OTP code — Maven CRM QR","messageId":"otp-msg"}
2026-06-16 11:57:53 [Application] info: [email:service] Sending email {"to":["user@example.com"],"subject":"Your OTP code — Maven CRM QR","hasHtml":true,"hasText":true,"hasAttachments":false}
2026-06-16 11:57:53 [Application] info: [email:service] Email delivered {"to":["user@example.com"],"subject":"Your OTP code — Maven CRM QR","messageId":"otp-msg-2"}
2026-06-16 11:57:53 [Application] info: [email:service] Sending email {"to":["candidate@example.com"],"subject":"Application submitted — Software Engineer at Tech Corp","hasHtml":true,"hasText":true,"hasAttachments":false}
2026-06-16 11:57:53 [Application] info: [email:service] Email delivered {"to":["candidate@example.com"],"subject":"Application submitted — Software Engineer at Tech Corp","messageId":"app-msg"}
2026-06-16 11:57:53 [Application] error: [EmailDeliveryError] EMAIL_TRANSPORT_ERROR: Provider does not support connection verification {"code":"EMAIL_TRANSPORT_ERROR","recipient":null,"subject":null}
2026-06-16 11:57:53 [Application] info: [retry] email send succeeded on attempt 2/3
2026-06-16 11:57:53 [Application] warn: [retry] email send failed (attempt 1/2), retrying in 1001ms {"attempt":1,"maxAttempts":2,"delay":1001,"error":"down","transient":true}
2026-06-16 11:57:54 [Application] debug: [email:ses] Sending email {"to":["recipient@example.com"],"subject":"Test Subject","hasHtml":true,"hasText":true,"attempt":2}
2026-06-16 11:57:54 [Application] info: [email:ses] Sent successfully {"to":["recipient@example.com"],"subject":"Test Subject","messageId":"msg-retry","attempt":2}
2026-06-16 11:57:54 [Application] info: [retry] SES email to recipient@example.com succeeded on attempt 2/3
2026-06-16 11:57:54 [Application] info: [email:ses] Creating SES client {"region":"ap-south-1","hasCredentials":true,"useDefaultCredentialChain":false}
2026-06-16 11:57:54 [Application] debug: [email:ses] Sending email {"to":["recipient@example.com"],"subject":"Test Subject","hasHtml":true,"hasText":true,"attempt":1}
2026-06-16 11:57:54 [Application] warn: [retry] SES email to recipient@example.com failed (attempt 1/3), retrying in 1057ms {"attempt":1,"maxAttempts":3,"delay":1057,"error":"Service unavailable","transient":true}
2026-06-16 11:57:54 [Application] debug: [email:smtp] Sending email {"to":["recipient@example.com"],"subject":"Test Subject","hasHtml":true,"hasText":true,"hasAttachments":false,"attempt":2}
2026-06-16 11:57:54 [Application] info: [email:smtp] Sent successfully {"to":["recipient@example.com"],"subject":"Test Subject","messageId":"msg-retry","response":"250 OK","attempt":2}
2026-06-16 11:57:54 [Application] info: [retry] SMTP email to recipient@example.com succeeded on attempt 2/3
2026-06-16 11:57:54 [Application] info: [email:smtp] Creating SMTP transport with connection pooling {"host":"smtp.example.com","port":587,"pool":true}
2026-06-16 11:57:54 [Application] debug: [email:smtp] Sending email {"to":["recipient@example.com"],"subject":"Test Subject","hasHtml":true,"hasText":true,"hasAttachments":false,"attempt":1}
2026-06-16 11:57:54 [Application] warn: [retry] SMTP email to recipient@example.com failed (attempt 1/3), retrying in 1010ms {"attempt":1,"maxAttempts":3,"delay":1010,"error":"Service unavailable","transient":true}
2026-06-16 11:57:54 [Application] error: [retry] email send exhausted all 2 attempts {"attempts":2,"error":"down"}
2026-06-16 11:57:54 [Application] warn: [retry] email send failed with non-transient error (attempt 1/3), not retrying {"attempt":1,"maxAttempts":3,"error":"bad request","code":"InvalidInput"}
2026-06-16 11:57:55 [Application] debug: [email:smtp] Sending email {"to":["recipient@example.com"],"subject":"Test Subject","hasHtml":true,"hasText":true,"hasAttachments":false,"attempt":2}
2026-06-16 11:57:55 [Application] debug: [email:ses] Sending email {"to":["recipient@example.com"],"subject":"Test Subject","hasHtml":true,"hasText":true,"attempt":2}
2026-06-16 11:57:55 [Application] warn: [retry] SMTP email to recipient@example.com failed (attempt 2/3), retrying in 2064ms {"attempt":2,"maxAttempts":3,"delay":2064,"error":"Service unavailable","transient":true}
2026-06-16 11:57:55 [Application] info: [email:ses] Sent successfully {"to":["recipient@example.com"],"subject":"Test Subject","messageId":"msg-5xx-retry","attempt":2}
2026-06-16 11:57:55 [Application] info: [retry] SES email to recipient@example.com succeeded on attempt 2/3
2026-06-16 11:57:55 [Application] info: [email:ses] Creating SES client {"region":"ap-south-1","hasCredentials":true,"useDefaultCredentialChain":false}
2026-06-16 11:57:55 [Application] debug: [email:ses] Sending email {"to":["recipient@example.com"],"subject":"Test Subject","hasHtml":true,"hasText":true,"attempt":1}
2026-06-16 11:57:55 [Application] warn: [retry] SES email to recipient@example.com failed (attempt 1/3), retrying in 1021ms {"attempt":1,"maxAttempts":3,"delay":1021,"error":"Rate exceeded","transient":true}
2026-06-16 11:57:56 [Application] debug: [email:ses] Sending email {"to":["recipient@example.com"],"subject":"Test Subject","hasHtml":true,"hasText":true,"attempt":2}
2026-06-16 11:57:56 [Application] warn: [retry] SES email to recipient@example.com failed (attempt 2/3), retrying in 2061ms {"attempt":2,"maxAttempts":3,"delay":2061,"error":"Rate exceeded","transient":true}
2026-06-16 11:57:57 [Application] debug: [email:smtp] Sending email {"to":["recipient@example.com"],"subject":"Test Subject","hasHtml":true,"hasText":true,"hasAttachments":false,"attempt":3}
2026-06-16 11:57:57 [Application] error: [retry] SMTP email to recipient@example.com exhausted all 3 attempts {"attempts":3,"error":"Service unavailable"}
2026-06-16 11:57:57 [Application] info: [email:smtp] Creating SMTP transport with connection pooling {"host":"smtp.example.com","port":587,"pool":true}
2026-06-16 11:57:57 [Application] debug: [email:smtp] Sending email {"to":["invalid"],"subject":"Test Subject","hasHtml":true,"hasText":true,"hasAttachments":false,"attempt":1}
2026-06-16 11:57:57 [Application] warn: [retry] SMTP email to invalid failed with non-transient error (attempt 1/3), not retrying {"attempt":1,"maxAttempts":3,"error":"Invalid email address","code":"InvalidAddress"}
2026-06-16 11:57:57 [Application] error: [EmailDeliveryError] EMAIL_VALIDATION_ERROR: Recipient (to) and subject are required {"code":"EMAIL_VALIDATION_ERROR","recipient":null,"subject":"Test"}
2026-06-16 11:57:57 [Application] error: [EmailDeliveryError] EMAIL_VALIDATION_ERROR: Recipient (to) and subject are required {"code":"EMAIL_VALIDATION_ERROR","recipient":null,"subject":"Test"}
2026-06-16 11:57:57 [Application] error: [EmailDeliveryError] EMAIL_VALIDATION_ERROR: Recipient (to) and subject are required {"code":"EMAIL_VALIDATION_ERROR","recipient":"u**r@example.com","subject":null}
2026-06-16 11:57:57 [Application] info: [email:smtp] Creating SMTP transport with connection pooling {"host":"smtp.example.com","port":587,"pool":true}
2026-06-16 11:57:57 [Application] info: [email:smtp] Connection verified successfully
2026-06-16 11:57:57 [Application] info: [email:smtp] Creating SMTP transport with connection pooling {"host":"smtp.example.com","port":587,"pool":true}
2026-06-16 11:57:57 [Application] error: [email:smtp] Connection verification failed {"error":"Connection failed"}
2026-06-16 11:57:57 [Application] error: [EmailDeliveryError] EMAIL_TRANSPORT_ERROR: SMTP connection verification failed: Connection failed {"code":"EMAIL_TRANSPORT_ERROR","recipient":null,"subject":null}
2026-06-16 11:57:57 [Application] info: [email:smtp] Creating SMTP transport with connection pooling {"host":"smtp.example.com","port":587,"pool":true}
2026-06-16 11:57:57 [Application] info: [email:smtp] Transport closed
2026-06-16 11:57:58 [Application] debug: [email:ses] Sending email {"to":["recipient@example.com"],"subject":"Test Subject","hasHtml":true,"hasText":true,"attempt":3}
2026-06-16 11:57:58 [Application] error: [retry] SES email to recipient@example.com exhausted all 3 attempts {"attempts":3,"error":"Rate exceeded"}
2026-06-16 11:57:58 [Application] info: [email:ses] Creating SES client {"region":"ap-south-1","hasCredentials":true,"useDefaultCredentialChain":false}
2026-06-16 11:57:58 [Application] debug: [email:ses] Sending email {"to":["recipient@example.com"],"subject":"Test Subject","hasHtml":true,"hasText":true,"attempt":1}
2026-06-16 11:57:58 [Application] warn: [retry] SES email to recipient@example.com failed with non-transient error (attempt 1/3), not retrying {"attempt":1,"maxAttempts":3,"error":"Email address is not verified","code":"MessageRejected"}
2026-06-16 11:57:58 [Application] error: [EmailDeliveryError] EMAIL_VALIDATION_ERROR: Recipient (to) and subject are required {"code":"EMAIL_VALIDATION_ERROR","recipient":null,"subject":"Test"}
2026-06-16 11:57:58 [Application] error: [EmailDeliveryError] EMAIL_VALIDATION_ERROR: Recipient (to) and subject are required {"code":"EMAIL_VALIDATION_ERROR","recipient":"u**r@example.com","subject":null}
2026-06-16 11:57:58 [Application] info: [email:ses] Creating SES client {"region":"ap-south-1","hasCredentials":true,"useDefaultCredentialChain":false}
2026-06-16 11:57:58 [Application] error: [EmailDeliveryError] EMAIL_VALIDATION_ERROR: Email body (html or text) is required {"code":"EMAIL_VALIDATION_ERROR","recipient":"u**r@example.com","subject":null}
2026-06-16 11:57:58 [Application] info: [email:ses] Creating SES client {"region":"ap-south-1","hasCredentials":true,"useDefaultCredentialChain":false}
2026-06-16 11:57:58 [Application] debug: [email:ses] Sending email {"to":["a@example.com","b@example.com"],"subject":"Multiple","hasHtml":true,"hasText":false,"attempt":1}
2026-06-16 11:57:58 [Application] info: [email:ses] Sent successfully {"to":["a@example.com","b@example.com"],"subject":"Multiple","messageId":"msg-multi","attempt":1}
2026-06-16 11:57:58 [Application] info: [email:ses] Creating SES client {"region":"ap-south-1","hasCredentials":true,"useDefaultCredentialChain":false}
2026-06-16 11:57:58 [Application] info: [email:ses] SES client destroyed
2026-06-16 11:58:35 [Application] error: [EmailDeliveryError] EMAIL_DELIVERY_ERROR: Something went wrong {"code":"EMAIL_DELIVERY_ERROR","recipient":null,"subject":null}
2026-06-16 11:58:35 [Application] error: [EmailDeliveryError] EMAIL_CONFIG_ERROR: Config error {"code":"EMAIL_CONFIG_ERROR","recipient":null,"subject":null}
2026-06-16 11:58:35 [Application] error: [EmailDeliveryError] EMAIL_DELIVERY_ERROR: Wrapped {"code":"EMAIL_DELIVERY_ERROR","recipient":null,"subject":null}
2026-06-16 11:58:35 [Application] error: [EmailDeliveryError] EMAIL_DELIVERY_ERROR: Failed {"code":"EMAIL_DELIVERY_ERROR","recipient":"u**r@example.com","subject":"Test"}
2026-06-16 11:58:35 [Application] error: [EmailDeliveryError] EMAIL_DELIVERY_ERROR: Test {"code":"EMAIL_DELIVERY_ERROR","recipient":"j*****e@example.com","subject":null}
2026-06-16 11:58:35 [Application] error: [EmailDeliveryError] EMAIL_TEST_ERROR: Error message {"code":"EMAIL_TEST_ERROR","recipient":null,"subject":null}
2026-06-16 11:58:35 [Application] warn: [retry] email send failed (attempt 1/3), retrying in 1022ms {"attempt":1,"maxAttempts":3,"delay":1022,"error":"timeout","transient":true}
2026-06-16 11:58:35 [Application] error: [EmailDeliveryError] EMAIL_CONFIG_ERROR: AWS region is not configured. Set AWS_REGION environment variable. {"code":"EMAIL_CONFIG_ERROR","recipient":null,"subject":null}
2026-06-16 11:58:35 [Application] error: [EmailDeliveryError] EMAIL_CONFIG_ERROR: AWS region is not configured. Set AWS_REGION environment variable. {"code":"EMAIL_CONFIG_ERROR","recipient":null,"subject":null}
2026-06-16 11:58:35 [Application] error: [EmailDeliveryError] EMAIL_CONFIG_ERROR: Sender email (EMAIL_FROM) is not configured. {"code":"EMAIL_CONFIG_ERROR","recipient":null,"subject":null}
2026-06-16 11:58:35 [Application] error: [EmailDeliveryError] EMAIL_CONFIG_ERROR: Sender email (EMAIL_FROM) is not configured. {"code":"EMAIL_CONFIG_ERROR","recipient":null,"subject":null}
2026-06-16 11:58:35 [Application] info: [email:ses] Creating SES client {"region":"ap-south-1","hasCredentials":true,"useDefaultCredentialChain":false}
2026-06-16 11:58:35 [Application] debug: [email:ses] Sending email {"to":["recipient@example.com"],"subject":"Test Subject","hasHtml":true,"hasText":true,"attempt":1}
2026-06-16 11:58:35 [Application] info: [email:ses] Sent successfully {"to":["recipient@example.com"],"subject":"Test Subject","messageId":"aws-msg-12345","attempt":1}
2026-06-16 11:58:35 [Application] info: [email:ses] Creating SES client {"region":"ap-south-1","hasCredentials":true,"useDefaultCredentialChain":false}
2026-06-16 11:58:35 [Application] debug: [email:ses] Sending email {"to":["user@example.com"],"subject":"Plain text","hasHtml":false,"hasText":true,"attempt":1}
2026-06-16 11:58:35 [Application] info: [email:ses] Sent successfully {"to":["user@example.com"],"subject":"Plain text","messageId":"msg-2","attempt":1}
2026-06-16 11:58:35 [Application] info: [email:ses] Creating SES client {"region":"ap-south-1","hasCredentials":true,"useDefaultCredentialChain":false}
2026-06-16 11:58:35 [Application] debug: [email:ses] Sending email {"to":["recipient@example.com"],"subject":"Test Subject","hasHtml":true,"hasText":true,"attempt":1}
2026-06-16 11:58:35 [Application] warn: [retry] SES email to recipient@example.com failed (attempt 1/3), retrying in 1077ms {"attempt":1,"maxAttempts":3,"delay":1077,"error":"Rate exceeded","transient":true}
2026-06-16 11:58:35 [Application] error: [EmailDeliveryError] EMAIL_CONFIG_ERROR: SMTP configuration is incomplete. Set SMTP_HOST, SMTP_USER, and SMTP_PASS environment variables. {"code":"EMAIL_CONFIG_ERROR","recipient":null,"subject":null}
2026-06-16 11:58:36 [Application] error: [EmailDeliveryError] EMAIL_CONFIG_ERROR: SMTP configuration is incomplete. Set SMTP_HOST, SMTP_USER, and SMTP_PASS environment variables. {"code":"EMAIL_CONFIG_ERROR","recipient":null,"subject":null}
2026-06-16 11:58:36 [Application] info: [email:smtp] Creating SMTP transport with connection pooling {"host":"smtp.example.com","port":587,"pool":true}
2026-06-16 11:58:36 [Application] debug: [email:smtp] Sending email {"to":["recipient@example.com"],"subject":"Test Subject","hasHtml":true,"hasText":true,"hasAttachments":false,"attempt":1}
2026-06-16 11:58:36 [Application] info: [email:smtp] Sent successfully {"to":["recipient@example.com"],"subject":"Test Subject","messageId":"test-message-id","response":"250 OK","attempt":1}
2026-06-16 11:58:36 [Application] info: [email:smtp] Creating SMTP transport with connection pooling {"host":"smtp.example.com","port":587,"pool":true}
2026-06-16 11:58:36 [Application] debug: [email:smtp] Sending email {"to":["user@example.com"],"subject":"Plain text","hasHtml":false,"hasText":true,"hasAttachments":false,"attempt":1}
2026-06-16 11:58:36 [Application] info: [email:smtp] Sent successfully {"to":["user@example.com"],"subject":"Plain text","messageId":"msg-1","response":"250 OK","attempt":1}
2026-06-16 11:58:36 [Application] info: [email:smtp] Creating SMTP transport with connection pooling {"host":"smtp.example.com","port":587,"pool":true}
2026-06-16 11:58:36 [Application] debug: [email:smtp] Sending email {"to":["recipient@example.com"],"subject":"Test Subject","hasHtml":true,"hasText":true,"hasAttachments":true,"attempt":1}
2026-06-16 11:58:36 [Application] info: [email:smtp] Sent successfully {"to":["recipient@example.com"],"subject":"Test Subject","messageId":"msg-2","response":"250 OK","attempt":1}
2026-06-16 11:58:36 [Application] info: [email:smtp] Creating SMTP transport with connection pooling {"host":"smtp.example.com","port":587,"pool":true}
2026-06-16 11:58:36 [Application] debug: [email:smtp] Sending email {"to":["recipient@example.com"],"subject":"Test Subject","hasHtml":true,"hasText":true,"hasAttachments":false,"attempt":1}
2026-06-16 11:58:36 [Application] warn: [retry] SMTP email to recipient@example.com failed (attempt 1/3), retrying in 1072ms {"attempt":1,"maxAttempts":3,"delay":1072,"error":"Timeout","transient":true}
2026-06-16 11:58:36 [Application] info: [email:factory] Creating provider {"environment":"production"}
2026-06-16 11:58:36 [Application] info: [email:factory] Using SES provider (production)
2026-06-16 11:58:36 [Application] info: [email:factory] Creating provider {"environment":"development"}
2026-06-16 11:58:36 [Application] info: [email:factory] Using SMTP provider (development)
2026-06-16 11:58:36 [Application] info: [email:factory] Creating provider {"environment":"test"}
2026-06-16 11:58:36 [Application] info: [email:factory] Using SMTP provider (test)
2026-06-16 11:58:36 [Application] info: [email:factory] Creating provider {"environment":"staging"}
2026-06-16 11:58:36 [Application] info: [email:factory] Using SMTP provider (staging)
2026-06-16 11:58:36 [Application] info: [email:factory] Creating provider {"environment":"unknown"}
2026-06-16 11:58:36 [Application] warn: [email:factory] Unknown environment "unknown", falling back to SMTP
2026-06-16 11:58:36 [Application] info: [email:factory] Creating provider {"environment":"development"}
2026-06-16 11:58:36 [Application] info: [email:factory] Using SMTP provider (development)
2026-06-16 11:58:36 [Application] info: [email:factory] Creating provider {"environment":"production"}
2026-06-16 11:58:36 [Application] info: [email:factory] Using SES provider (production)
2026-06-16 11:58:35 [Application] error: [EmailDeliveryError] EMAIL_CONFIG_ERROR: A valid EmailProvider instance is required {"code":"EMAIL_CONFIG_ERROR","recipient":null,"subject":null}
2026-06-16 11:58:36 [Application] error: [EmailDeliveryError] EMAIL_CONFIG_ERROR: A valid EmailProvider instance is required {"code":"EMAIL_CONFIG_ERROR","recipient":null,"subject":null}
2026-06-16 11:58:36 [Application] info: [email:service] Sending email {"to":["user@example.com"],"subject":"Test","hasHtml":true,"hasText":false,"hasAttachments":false}
2026-06-16 11:58:36 [Application] info: [email:service] Email delivered {"to":["user@example.com"],"subject":"Test","messageId":"msg-1"}
2026-06-16 11:58:36 [Application] error: [EmailDeliveryError] EMAIL_VALIDATION_ERROR: Recipient email (to) is required {"code":"EMAIL_VALIDATION_ERROR","recipient":null,"subject":null}
2026-06-16 11:58:36 [Application] error: [EmailDeliveryError] EMAIL_VALIDATION_ERROR: Email subject is required {"code":"EMAIL_VALIDATION_ERROR","recipient":"u**r@example.com","subject":null}
2026-06-16 11:58:36 [Application] error: [EmailDeliveryError] EMAIL_VALIDATION_ERROR: Email body (html or text) is required {"code":"EMAIL_VALIDATION_ERROR","recipient":"u**r@example.com","subject":null}
2026-06-16 11:58:36 [Application] info: [email:service] Sending email {"to":["user@example.com"],"subject":"Test","hasHtml":true,"hasText":false,"hasAttachments":false}
2026-06-16 11:58:36 [Application] error: [EmailDeliveryError] EMAIL_TRANSPORT_ERROR: Failed to send email: Provider error {"code":"EMAIL_TRANSPORT_ERROR","recipient":"u**r@example.com","subject":"Test"}
2026-06-16 11:58:36 [Application] error: [EmailDeliveryError] EMAIL_CONFIG_ERROR: Bad config {"code":"EMAIL_CONFIG_ERROR","recipient":null,"subject":null}
2026-06-16 11:58:36 [Application] info: [email:service] Sending email {"to":["user@example.com"],"subject":"Test","hasHtml":true,"hasText":false,"hasAttachments":false}
2026-06-16 11:58:36 [Application] info: [email:service] Sending email {"to":["new@example.com"],"subject":"Welcome to Maven CRM QR — your account is ready","hasHtml":true,"hasText":true,"hasAttachments":false}
2026-06-16 11:58:36 [Application] info: [email:service] Email delivered {"to":["new@example.com"],"subject":"Welcome to Maven CRM QR — your account is ready","messageId":"welcome-msg"}
2026-06-16 11:58:36 [Application] info: [email:service] Sending email {"to":["new@example.com"],"subject":"Welcome to Maven CRM QR — your account is ready","hasHtml":true,"hasText":true,"hasAttachments":false}
2026-06-16 11:58:36 [Application] info: [email:service] Email delivered {"to":["new@example.com"],"subject":"Welcome to Maven CRM QR — your account is ready","messageId":"welcome-msg-2"}
2026-06-16 11:58:36 [Application] info: [email:service] Sending email {"to":["user@example.com"],"subject":"Reset your Maven CRM QR password","hasHtml":true,"hasText":true,"hasAttachments":false}
2026-06-16 11:58:36 [Application] info: [email:service] Email delivered {"to":["user@example.com"],"subject":"Reset your Maven CRM QR password","messageId":"reset-msg"}
2026-06-16 11:58:36 [Application] info: [email:service] Sending email {"to":["user@example.com"],"subject":"Reset your Maven CRM QR password","hasHtml":true,"hasText":true,"hasAttachments":false}
2026-06-16 11:58:36 [Application] info: [email:service] Email delivered {"to":["user@example.com"],"subject":"Reset your Maven CRM QR password","messageId":"reset-msg"}
2026-06-16 11:58:36 [Application] info: [email:service] Sending email {"to":["user@example.com"],"subject":"Your OTP code — Maven CRM QR","hasHtml":true,"hasText":true,"hasAttachments":false}
2026-06-16 11:58:36 [Application] info: [email:service] Email delivered {"to":["user@example.com"],"subject":"Your OTP code — Maven CRM QR","messageId":"otp-msg"}
2026-06-16 11:58:36 [Application] info: [email:service] Sending email {"to":["user@example.com"],"subject":"Your OTP code — Maven CRM QR","hasHtml":true,"hasText":true,"hasAttachments":false}
2026-06-16 11:58:36 [Application] info: [email:service] Email delivered {"to":["user@example.com"],"subject":"Your OTP code — Maven CRM QR","messageId":"otp-msg-2"}
2026-06-16 11:58:36 [Application] info: [email:service] Sending email {"to":["candidate@example.com"],"subject":"Application submitted — Software Engineer at Tech Corp","hasHtml":true,"hasText":true,"hasAttachments":false}
2026-06-16 11:58:36 [Application] info: [email:service] Email delivered {"to":["candidate@example.com"],"subject":"Application submitted — Software Engineer at Tech Corp","messageId":"app-msg"}
2026-06-16 11:58:36 [Application] error: [EmailDeliveryError] EMAIL_TRANSPORT_ERROR: Provider does not support connection verification {"code":"EMAIL_TRANSPORT_ERROR","recipient":null,"subject":null}
2026-06-16 11:58:36 [Application] info: [retry] email send succeeded on attempt 2/3
2026-06-16 11:58:36 [Application] warn: [retry] email send failed (attempt 1/2), retrying in 1074ms {"attempt":1,"maxAttempts":2,"delay":1074,"error":"down","transient":true}
2026-06-16 11:58:36 [Application] debug: [email:ses] Sending email {"to":["recipient@example.com"],"subject":"Test Subject","hasHtml":true,"hasText":true,"attempt":2}
2026-06-16 11:58:36 [Application] info: [email:ses] Sent successfully {"to":["recipient@example.com"],"subject":"Test Subject","messageId":"msg-retry","attempt":2}
2026-06-16 11:58:36 [Application] info: [retry] SES email to recipient@example.com succeeded on attempt 2/3
2026-06-16 11:58:36 [Application] info: [email:ses] Creating SES client {"region":"ap-south-1","hasCredentials":true,"useDefaultCredentialChain":false}
2026-06-16 11:58:36 [Application] debug: [email:ses] Sending email {"to":["recipient@example.com"],"subject":"Test Subject","hasHtml":true,"hasText":true,"attempt":1}
2026-06-16 11:58:36 [Application] warn: [retry] SES email to recipient@example.com failed (attempt 1/3), retrying in 1079ms {"attempt":1,"maxAttempts":3,"delay":1079,"error":"Service unavailable","transient":true}
2026-06-16 11:58:37 [Application] debug: [email:smtp] Sending email {"to":["recipient@example.com"],"subject":"Test Subject","hasHtml":true,"hasText":true,"hasAttachments":false,"attempt":2}
2026-06-16 11:58:37 [Application] info: [email:smtp] Sent successfully {"to":["recipient@example.com"],"subject":"Test Subject","messageId":"msg-retry","response":"250 OK","attempt":2}
2026-06-16 11:58:37 [Application] info: [retry] SMTP email to recipient@example.com succeeded on attempt 2/3
2026-06-16 11:58:37 [Application] info: [email:smtp] Creating SMTP transport with connection pooling {"host":"smtp.example.com","port":587,"pool":true}
2026-06-16 11:58:37 [Application] debug: [email:smtp] Sending email {"to":["recipient@example.com"],"subject":"Test Subject","hasHtml":true,"hasText":true,"hasAttachments":false,"attempt":1}
2026-06-16 11:58:37 [Application] warn: [retry] SMTP email to recipient@example.com failed (attempt 1/3), retrying in 1025ms {"attempt":1,"maxAttempts":3,"delay":1025,"error":"Service unavailable","transient":true}
2026-06-16 11:58:37 [Application] error: [retry] email send exhausted all 2 attempts {"attempts":2,"error":"down"}
2026-06-16 11:58:37 [Application] warn: [retry] email send failed with non-transient error (attempt 1/3), not retrying {"attempt":1,"maxAttempts":3,"error":"bad request","code":"InvalidInput"}
2026-06-16 11:58:37 [Application] debug: [email:ses] Sending email {"to":["recipient@example.com"],"subject":"Test Subject","hasHtml":true,"hasText":true,"attempt":2}
2026-06-16 11:58:37 [Application] info: [email:ses] Sent successfully {"to":["recipient@example.com"],"subject":"Test Subject","messageId":"msg-5xx-retry","attempt":2}
2026-06-16 11:58:37 [Application] info: [retry] SES email to recipient@example.com succeeded on attempt 2/3
2026-06-16 11:58:37 [Application] info: [email:ses] Creating SES client {"region":"ap-south-1","hasCredentials":true,"useDefaultCredentialChain":false}
2026-06-16 11:58:37 [Application] debug: [email:ses] Sending email {"to":["recipient@example.com"],"subject":"Test Subject","hasHtml":true,"hasText":true,"attempt":1}
2026-06-16 11:58:37 [Application] warn: [retry] SES email to recipient@example.com failed (attempt 1/3), retrying in 1092ms {"attempt":1,"maxAttempts":3,"delay":1092,"error":"Rate exceeded","transient":true}
2026-06-16 11:58:38 [Application] debug: [email:smtp] Sending email {"to":["recipient@example.com"],"subject":"Test Subject","hasHtml":true,"hasText":true,"hasAttachments":false,"attempt":2}
2026-06-16 11:58:38 [Application] warn: [retry] SMTP email to recipient@example.com failed (attempt 2/3), retrying in 2170ms {"attempt":2,"maxAttempts":3,"delay":2170,"error":"Service unavailable","transient":true}
2026-06-16 11:58:39 [Application] debug: [email:ses] Sending email {"to":["recipient@example.com"],"subject":"Test Subject","hasHtml":true,"hasText":true,"attempt":2}
2026-06-16 11:58:39 [Application] warn: [retry] SES email to recipient@example.com failed (attempt 2/3), retrying in 2191ms {"attempt":2,"maxAttempts":3,"delay":2191,"error":"Rate exceeded","transient":true}
2026-06-16 11:58:40 [Application] debug: [email:smtp] Sending email {"to":["recipient@example.com"],"subject":"Test Subject","hasHtml":true,"hasText":true,"hasAttachments":false,"attempt":3}
2026-06-16 11:58:40 [Application] error: [retry] SMTP email to recipient@example.com exhausted all 3 attempts {"attempts":3,"error":"Service unavailable"}
2026-06-16 11:58:40 [Application] error: [EmailDeliveryError] EMAIL_TRANSPORT_ERROR: SMTP send failed after retries: Service unavailable {"code":"EMAIL_TRANSPORT_ERROR","recipient":"r*******t@example.com","subject":"Test Subject"}
2026-06-16 11:58:40 [Application] info: [email:smtp] Creating SMTP transport with connection pooling {"host":"smtp.example.com","port":587,"pool":true}
2026-06-16 11:58:40 [Application] debug: [email:smtp] Sending email {"to":["invalid"],"subject":"Test Subject","hasHtml":true,"hasText":true,"hasAttachments":false,"attempt":1}
2026-06-16 11:58:40 [Application] warn: [retry] SMTP email to invalid failed with non-transient error (attempt 1/3), not retrying {"attempt":1,"maxAttempts":3,"error":"Invalid email address","code":"InvalidAddress"}
2026-06-16 11:58:40 [Application] error: [EmailDeliveryError] EMAIL_TRANSPORT_ERROR: SMTP send failed after retries: Invalid email address {"code":"EMAIL_TRANSPORT_ERROR","recipient":"invalid","subject":"Test Subject"}
2026-06-16 11:58:40 [Application] error: [EmailDeliveryError] EMAIL_VALIDATION_ERROR: Recipient (to) and subject are required {"code":"EMAIL_VALIDATION_ERROR","recipient":null,"subject":"Test"}
2026-06-16 11:58:40 [Application] error: [EmailDeliveryError] EMAIL_VALIDATION_ERROR: Recipient (to) and subject are required {"code":"EMAIL_VALIDATION_ERROR","recipient":null,"subject":"Test"}
2026-06-16 11:58:40 [Application] error: [EmailDeliveryError] EMAIL_VALIDATION_ERROR: Recipient (to) and subject are required {"code":"EMAIL_VALIDATION_ERROR","recipient":"u**r@example.com","subject":null}
2026-06-16 11:58:40 [Application] info: [email:smtp] Creating SMTP transport with connection pooling {"host":"smtp.example.com","port":587,"pool":true}
2026-06-16 11:58:40 [Application] info: [email:smtp] Connection verified successfully
2026-06-16 11:58:40 [Application] info: [email:smtp] Creating SMTP transport with connection pooling {"host":"smtp.example.com","port":587,"pool":true}
2026-06-16 11:58:40 [Application] error: [email:smtp] Connection verification failed {"error":"Connection failed"}
2026-06-16 11:58:40 [Application] error: [EmailDeliveryError] EMAIL_TRANSPORT_ERROR: SMTP connection verification failed: Connection failed {"code":"EMAIL_TRANSPORT_ERROR","recipient":null,"subject":null}
2026-06-16 11:58:40 [Application] info: [email:smtp] Creating SMTP transport with connection pooling {"host":"smtp.example.com","port":587,"pool":true}
2026-06-16 11:58:40 [Application] info: [email:smtp] Transport closed
2026-06-16 11:58:41 [Application] debug: [email:ses] Sending email {"to":["recipient@example.com"],"subject":"Test Subject","hasHtml":true,"hasText":true,"attempt":3}
2026-06-16 11:58:41 [Application] error: [retry] SES email to recipient@example.com exhausted all 3 attempts {"attempts":3,"error":"Rate exceeded"}
2026-06-16 11:58:41 [Application] error: [EmailDeliveryError] EMAIL_TRANSPORT_ERROR: SES send failed after retries: Rate exceeded {"code":"EMAIL_TRANSPORT_ERROR","recipient":"r*******t@example.com","subject":"Test Subject"}
2026-06-16 11:58:41 [Application] info: [email:ses] Creating SES client {"region":"ap-south-1","hasCredentials":true,"useDefaultCredentialChain":false}
2026-06-16 11:58:41 [Application] debug: [email:ses] Sending email {"to":["recipient@example.com"],"subject":"Test Subject","hasHtml":true,"hasText":true,"attempt":1}
2026-06-16 11:58:41 [Application] warn: [retry] SES email to recipient@example.com failed with non-transient error (attempt 1/3), not retrying {"attempt":1,"maxAttempts":3,"error":"Email address is not verified","code":"MessageRejected"}
2026-06-16 11:58:41 [Application] error: [EmailDeliveryError] EMAIL_TRANSPORT_ERROR: SES send failed after retries: Email address is not verified {"code":"EMAIL_TRANSPORT_ERROR","recipient":"r*******t@example.com","subject":"Test Subject"}
2026-06-16 11:58:41 [Application] error: [EmailDeliveryError] EMAIL_VALIDATION_ERROR: Recipient (to) and subject are required {"code":"EMAIL_VALIDATION_ERROR","recipient":null,"subject":"Test"}
2026-06-16 11:58:41 [Application] error: [EmailDeliveryError] EMAIL_VALIDATION_ERROR: Recipient (to) and subject are required {"code":"EMAIL_VALIDATION_ERROR","recipient":"u**r@example.com","subject":null}
2026-06-16 11:58:41 [Application] info: [email:ses] Creating SES client {"region":"ap-south-1","hasCredentials":true,"useDefaultCredentialChain":false}
2026-06-16 11:58:41 [Application] error: [EmailDeliveryError] EMAIL_VALIDATION_ERROR: Email body (html or text) is required {"code":"EMAIL_VALIDATION_ERROR","recipient":"u**r@example.com","subject":null}
2026-06-16 11:58:41 [Application] info: [email:ses] Creating SES client {"region":"ap-south-1","hasCredentials":true,"useDefaultCredentialChain":false}
2026-06-16 11:58:41 [Application] debug: [email:ses] Sending email {"to":["a@example.com","b@example.com"],"subject":"Multiple","hasHtml":true,"hasText":false,"attempt":1}
2026-06-16 11:58:41 [Application] info: [email:ses] Sent successfully {"to":["a@example.com","b@example.com"],"subject":"Multiple","messageId":"msg-multi","attempt":1}
2026-06-16 11:58:41 [Application] info: [email:ses] Creating SES client {"region":"ap-south-1","hasCredentials":true,"useDefaultCredentialChain":false}
2026-06-16 11:58:41 [Application] info: [email:ses] SES client destroyed
2026-06-16 11:58:54 [Application] info: [email:ses] Creating SES client {"region":"ap-south-1","hasCredentials":false,"useDefaultCredentialChain":true}
2026-06-16 11:58:54 [Application] debug: [email:ses] Sending email {"to":["recipient@example.com"],"subject":"Integration Test","hasHtml":true,"hasText":false,"attempt":1}
2026-06-16 11:58:54 [Application] info: [email:ses] Sent successfully {"to":["recipient@example.com"],"subject":"Integration Test","messageId":"mock-msg-integration","attempt":1}
2026-06-16 11:58:54 [Application] info: [email:ses] Creating SES client {"region":"ap-south-1","hasCredentials":false,"useDefaultCredentialChain":true}
2026-06-16 11:59:37 [Application] info: [email:ses] Creating SES client {"region":"ap-south-1","hasCredentials":false,"useDefaultCredentialChain":true}
2026-06-16 11:59:37 [Application] debug: [email:ses] Sending email {"to":["recipient@example.com"],"subject":"Integration Test","hasHtml":true,"hasText":false,"attempt":1}
2026-06-16 11:59:37 [Application] info: [email:ses] Sent successfully {"to":["recipient@example.com"],"subject":"Integration Test","messageId":"mock-msg-integration","attempt":1}
2026-06-16 12:00:16 [Application] warn: [retry] email send failed (attempt 1/3), retrying in 1070ms {"attempt":1,"maxAttempts":3,"delay":1070,"error":"timeout","transient":true}
2026-06-16 12:00:16 [Application] error: [EmailDeliveryError] EMAIL_DELIVERY_ERROR: Something went wrong {"code":"EMAIL_DELIVERY_ERROR","recipient":null,"subject":null}
2026-06-16 12:00:16 [Application] error: [EmailDeliveryError] EMAIL_CONFIG_ERROR: SMTP configuration is incomplete. Set SMTP_HOST, SMTP_USER, and SMTP_PASS environment variables. {"code":"EMAIL_CONFIG_ERROR","recipient":null,"subject":null}
2026-06-16 12:00:16 [Application] error: [EmailDeliveryError] EMAIL_CONFIG_ERROR: SMTP configuration is incomplete. Set SMTP_HOST, SMTP_USER, and SMTP_PASS environment variables. {"code":"EMAIL_CONFIG_ERROR","recipient":null,"subject":null}
2026-06-16 12:00:16 [Application] info: [email:smtp] Creating SMTP transport with connection pooling {"host":"smtp.example.com","port":587,"pool":true}
2026-06-16 12:00:16 [Application] debug: [email:smtp] Sending email {"to":["recipient@example.com"],"subject":"Test Subject","hasHtml":true,"hasText":true,"hasAttachments":false,"attempt":1}
2026-06-16 12:00:16 [Application] info: [email:smtp] Sent successfully {"to":["recipient@example.com"],"subject":"Test Subject","messageId":"test-message-id","response":"250 OK","attempt":1}
2026-06-16 12:00:16 [Application] info: [email:smtp] Creating SMTP transport with connection pooling {"host":"smtp.example.com","port":587,"pool":true}
2026-06-16 12:00:16 [Application] debug: [email:smtp] Sending email {"to":["user@example.com"],"subject":"Plain text","hasHtml":false,"hasText":true,"hasAttachments":false,"attempt":1}
2026-06-16 12:00:16 [Application] info: [email:smtp] Sent successfully {"to":["user@example.com"],"subject":"Plain text","messageId":"msg-1","response":"250 OK","attempt":1}
2026-06-16 12:00:16 [Application] info: [email:smtp] Creating SMTP transport with connection pooling {"host":"smtp.example.com","port":587,"pool":true}
2026-06-16 12:00:16 [Application] debug: [email:smtp] Sending email {"to":["recipient@example.com"],"subject":"Test Subject","hasHtml":true,"hasText":true,"hasAttachments":true,"attempt":1}
2026-06-16 12:00:16 [Application] info: [email:smtp] Sent successfully {"to":["recipient@example.com"],"subject":"Test Subject","messageId":"msg-2","response":"250 OK","attempt":1}
2026-06-16 12:00:16 [Application] info: [email:smtp] Creating SMTP transport with connection pooling {"host":"smtp.example.com","port":587,"pool":true}
2026-06-16 12:00:16 [Application] debug: [email:smtp] Sending email {"to":["recipient@example.com"],"subject":"Test Subject","hasHtml":true,"hasText":true,"hasAttachments":false,"attempt":1}
2026-06-16 12:00:16 [Application] warn: [retry] SMTP email to recipient@example.com failed (attempt 1/3), retrying in 1049ms {"attempt":1,"maxAttempts":3,"delay":1049,"error":"Timeout","transient":true}
2026-06-16 12:00:16 [Application] error: [EmailDeliveryError] EMAIL_CONFIG_ERROR: AWS region is not configured. Set AWS_REGION environment variable. {"code":"EMAIL_CONFIG_ERROR","recipient":null,"subject":null}
2026-06-16 12:00:16 [Application] error: [EmailDeliveryError] EMAIL_CONFIG_ERROR: AWS region is not configured. Set AWS_REGION environment variable. {"code":"EMAIL_CONFIG_ERROR","recipient":null,"subject":null}
2026-06-16 12:00:16 [Application] error: [EmailDeliveryError] EMAIL_CONFIG_ERROR: Sender email (EMAIL_FROM) is not configured. {"code":"EMAIL_CONFIG_ERROR","recipient":null,"subject":null}
2026-06-16 12:00:16 [Application] error: [EmailDeliveryError] EMAIL_CONFIG_ERROR: Sender email (EMAIL_FROM) is not configured. {"code":"EMAIL_CONFIG_ERROR","recipient":null,"subject":null}
2026-06-16 12:00:16 [Application] info: [email:ses] Creating SES client {"region":"ap-south-1","hasCredentials":true,"useDefaultCredentialChain":false}
2026-06-16 12:00:16 [Application] debug: [email:ses] Sending email {"to":["recipient@example.com"],"subject":"Test Subject","hasHtml":true,"hasText":true,"attempt":1}
2026-06-16 12:00:16 [Application] info: [email:ses] Sent successfully {"to":["recipient@example.com"],"subject":"Test Subject","messageId":"aws-msg-12345","attempt":1}
2026-06-16 12:00:16 [Application] info: [email:ses] Creating SES client {"region":"ap-south-1","hasCredentials":true,"useDefaultCredentialChain":false}
2026-06-16 12:00:16 [Application] debug: [email:ses] Sending email {"to":["user@example.com"],"subject":"Plain text","hasHtml":false,"hasText":true,"attempt":1}
2026-06-16 12:00:16 [Application] info: [email:ses] Sent successfully {"to":["user@example.com"],"subject":"Plain text","messageId":"msg-2","attempt":1}
2026-06-16 12:00:16 [Application] info: [email:ses] Creating SES client {"region":"ap-south-1","hasCredentials":true,"useDefaultCredentialChain":false}
2026-06-16 12:00:16 [Application] debug: [email:ses] Sending email {"to":["recipient@example.com"],"subject":"Test Subject","hasHtml":true,"hasText":true,"attempt":1}
2026-06-16 12:00:16 [Application] warn: [retry] SES email to recipient@example.com failed (attempt 1/3), retrying in 1099ms {"attempt":1,"maxAttempts":3,"delay":1099,"error":"Rate exceeded","transient":true}
2026-06-16 12:00:16 [Application] info: [email:factory] Creating provider {"environment":"production"}
2026-06-16 12:00:16 [Application] error: [EmailDeliveryError] EMAIL_CONFIG_ERROR: A valid EmailProvider instance is required {"code":"EMAIL_CONFIG_ERROR","recipient":null,"subject":null}
2026-06-16 12:00:16 [Application] info: [email:factory] Using SES provider (production)
2026-06-16 12:00:16 [Application] info: [email:factory] Creating provider {"environment":"development"}
2026-06-16 12:00:16 [Application] info: [email:factory] Using SMTP provider (development)
2026-06-16 12:00:16 [Application] info: [email:factory] Creating provider {"environment":"test"}
2026-06-16 12:00:16 [Application] info: [email:factory] Using SMTP provider (test)
2026-06-16 12:00:16 [Application] info: [email:factory] Creating provider {"environment":"staging"}
2026-06-16 12:00:16 [Application] info: [email:factory] Using SMTP provider (staging)
2026-06-16 12:00:16 [Application] info: [email:factory] Creating provider {"environment":"unknown"}
2026-06-16 12:00:16 [Application] warn: [email:factory] Unknown environment "unknown", falling back to SMTP
2026-06-16 12:00:16 [Application] info: [email:factory] Creating provider {"environment":"development"}
2026-06-16 12:00:16 [Application] info: [email:factory] Using SMTP provider (development)
2026-06-16 12:00:16 [Application] info: [email:factory] Creating provider {"environment":"production"}
2026-06-16 12:00:16 [Application] info: [email:factory] Using SES provider (production)
2026-06-16 12:00:16 [Application] error: [EmailDeliveryError] EMAIL_CONFIG_ERROR: A valid EmailProvider instance is required {"code":"EMAIL_CONFIG_ERROR","recipient":null,"subject":null}
2026-06-16 12:00:16 [Application] info: [email:service] Sending email {"to":["user@example.com"],"subject":"Test","hasHtml":true,"hasText":false,"hasAttachments":false}
2026-06-16 12:00:16 [Application] info: [email:service] Email delivered {"to":["user@example.com"],"subject":"Test","messageId":"msg-1"}
2026-06-16 12:00:16 [Application] error: [EmailDeliveryError] EMAIL_VALIDATION_ERROR: Recipient email (to) is required {"code":"EMAIL_VALIDATION_ERROR","recipient":null,"subject":null}
2026-06-16 12:00:16 [Application] error: [EmailDeliveryError] EMAIL_VALIDATION_ERROR: Email subject is required {"code":"EMAIL_VALIDATION_ERROR","recipient":"u**r@example.com","subject":null}
2026-06-16 12:00:16 [Application] error: [EmailDeliveryError] EMAIL_VALIDATION_ERROR: Email body (html or text) is required {"code":"EMAIL_VALIDATION_ERROR","recipient":"u**r@example.com","subject":null}
2026-06-16 12:00:16 [Application] info: [email:service] Sending email {"to":["user@example.com"],"subject":"Test","hasHtml":true,"hasText":false,"hasAttachments":false}
2026-06-16 12:00:16 [Application] error: [EmailDeliveryError] EMAIL_TRANSPORT_ERROR: Failed to send email: Provider error {"code":"EMAIL_TRANSPORT_ERROR","recipient":"u**r@example.com","subject":"Test"}
2026-06-16 12:00:16 [Application] error: [EmailDeliveryError] EMAIL_CONFIG_ERROR: Bad config {"code":"EMAIL_CONFIG_ERROR","recipient":null,"subject":null}
2026-06-16 12:00:16 [Application] info: [email:service] Sending email {"to":["user@example.com"],"subject":"Test","hasHtml":true,"hasText":false,"hasAttachments":false}
2026-06-16 12:00:16 [Application] info: [email:service] Sending email {"to":["new@example.com"],"subject":"Welcome to Maven CRM QR — your account is ready","hasHtml":true,"hasText":true,"hasAttachments":false}
2026-06-16 12:00:16 [Application] info: [email:service] Email delivered {"to":["new@example.com"],"subject":"Welcome to Maven CRM QR — your account is ready","messageId":"welcome-msg"}
2026-06-16 12:00:16 [Application] info: [email:service] Sending email {"to":["new@example.com"],"subject":"Welcome to Maven CRM QR — your account is ready","hasHtml":true,"hasText":true,"hasAttachments":false}
2026-06-16 12:00:16 [Application] info: [email:service] Email delivered {"to":["new@example.com"],"subject":"Welcome to Maven CRM QR — your account is ready","messageId":"welcome-msg-2"}
2026-06-16 12:00:16 [Application] info: [email:service] Sending email {"to":["user@example.com"],"subject":"Reset your Maven CRM QR password","hasHtml":true,"hasText":true,"hasAttachments":false}
2026-06-16 12:00:16 [Application] info: [email:service] Email delivered {"to":["user@example.com"],"subject":"Reset your Maven CRM QR password","messageId":"reset-msg"}
2026-06-16 12:00:16 [Application] info: [email:service] Sending email {"to":["user@example.com"],"subject":"Reset your Maven CRM QR password","hasHtml":true,"hasText":true,"hasAttachments":false}
2026-06-16 12:00:16 [Application] info: [email:service] Email delivered {"to":["user@example.com"],"subject":"Reset your Maven CRM QR password","messageId":"reset-msg"}
2026-06-16 12:00:16 [Application] info: [email:service] Sending email {"to":["user@example.com"],"subject":"Your OTP code — Maven CRM QR","hasHtml":true,"hasText":true,"hasAttachments":false}
2026-06-16 12:00:16 [Application] info: [email:service] Email delivered {"to":["user@example.com"],"subject":"Your OTP code — Maven CRM QR","messageId":"otp-msg"}
2026-06-16 12:00:16 [Application] info: [email:service] Sending email {"to":["user@example.com"],"subject":"Your OTP code — Maven CRM QR","hasHtml":true,"hasText":true,"hasAttachments":false}
2026-06-16 12:00:16 [Application] info: [email:service] Email delivered {"to":["user@example.com"],"subject":"Your OTP code — Maven CRM QR","messageId":"otp-msg-2"}
2026-06-16 12:00:16 [Application] info: [email:service] Sending email {"to":["candidate@example.com"],"subject":"Application submitted — Software Engineer at Tech Corp","hasHtml":true,"hasText":true,"hasAttachments":false}
2026-06-16 12:00:16 [Application] info: [email:service] Email delivered {"to":["candidate@example.com"],"subject":"Application submitted — Software Engineer at Tech Corp","messageId":"app-msg"}
2026-06-16 12:00:16 [Application] error: [EmailDeliveryError] EMAIL_TRANSPORT_ERROR: Provider does not support connection verification {"code":"EMAIL_TRANSPORT_ERROR","recipient":null,"subject":null}
2026-06-16 12:00:16 [Application] info: [email:ses] Creating SES client {"region":"ap-south-1","hasCredentials":false,"useDefaultCredentialChain":true}
2026-06-16 12:00:16 [Application] debug: [email:ses] Sending email {"to":["recipient@example.com"],"subject":"Integration Test","hasHtml":true,"hasText":false,"attempt":1}
2026-06-16 12:00:16 [Application] info: [email:ses] Sent successfully {"to":["recipient@example.com"],"subject":"Integration Test","messageId":"mock-msg-integration","attempt":1}
2026-06-16 12:00:16 [Application] error: [EmailDeliveryError] EMAIL_CONFIG_ERROR: Config error {"code":"EMAIL_CONFIG_ERROR","recipient":null,"subject":null}
2026-06-16 12:00:16 [Application] error: [EmailDeliveryError] EMAIL_DELIVERY_ERROR: Wrapped {"code":"EMAIL_DELIVERY_ERROR","recipient":null,"subject":null}
2026-06-16 12:00:16 [Application] error: [EmailDeliveryError] EMAIL_DELIVERY_ERROR: Failed {"code":"EMAIL_DELIVERY_ERROR","recipient":"u**r@example.com","subject":"Test"}
2026-06-16 12:00:16 [Application] error: [EmailDeliveryError] EMAIL_DELIVERY_ERROR: Test {"code":"EMAIL_DELIVERY_ERROR","recipient":"j*****e@example.com","subject":null}
2026-06-16 12:00:16 [Application] error: [EmailDeliveryError] EMAIL_TEST_ERROR: Error message {"code":"EMAIL_TEST_ERROR","recipient":null,"subject":null}
2026-06-16 12:00:17 [Application] info: [retry] email send succeeded on attempt 2/3
2026-06-16 12:00:17 [Application] warn: [retry] email send failed (attempt 1/2), retrying in 1036ms {"attempt":1,"maxAttempts":2,"delay":1036,"error":"down","transient":true}
2026-06-16 12:00:17 [Application] debug: [email:smtp] Sending email {"to":["recipient@example.com"],"subject":"Test Subject","hasHtml":true,"hasText":true,"hasAttachments":false,"attempt":2}
2026-06-16 12:00:17 [Application] info: [email:smtp] Sent successfully {"to":["recipient@example.com"],"subject":"Test Subject","messageId":"msg-retry","response":"250 OK","attempt":2}
2026-06-16 12:00:17 [Application] info: [retry] SMTP email to recipient@example.com succeeded on attempt 2/3
2026-06-16 12:00:17 [Application] info: [email:smtp] Creating SMTP transport with connection pooling {"host":"smtp.example.com","port":587,"pool":true}
2026-06-16 12:00:17 [Application] debug: [email:smtp] Sending email {"to":["recipient@example.com"],"subject":"Test Subject","hasHtml":true,"hasText":true,"hasAttachments":false,"attempt":1}
2026-06-16 12:00:17 [Application] warn: [retry] SMTP email to recipient@example.com failed (attempt 1/3), retrying in 1021ms {"attempt":1,"maxAttempts":3,"delay":1021,"error":"Service unavailable","transient":true}
2026-06-16 12:00:17 [Application] debug: [email:ses] Sending email {"to":["recipient@example.com"],"subject":"Test Subject","hasHtml":true,"hasText":true,"attempt":2}
2026-06-16 12:00:17 [Application] info: [email:ses] Sent successfully {"to":["recipient@example.com"],"subject":"Test Subject","messageId":"msg-retry","attempt":2}
2026-06-16 12:00:17 [Application] info: [retry] SES email to recipient@example.com succeeded on attempt 2/3
2026-06-16 12:00:17 [Application] info: [email:ses] Creating SES client {"region":"ap-south-1","hasCredentials":true,"useDefaultCredentialChain":false}
2026-06-16 12:00:17 [Application] debug: [email:ses] Sending email {"to":["recipient@example.com"],"subject":"Test Subject","hasHtml":true,"hasText":true,"attempt":1}
2026-06-16 12:00:17 [Application] warn: [retry] SES email to recipient@example.com failed (attempt 1/3), retrying in 1033ms {"attempt":1,"maxAttempts":3,"delay":1033,"error":"Service unavailable","transient":true}
2026-06-16 12:00:18 [Application] error: [retry] email send exhausted all 2 attempts {"attempts":2,"error":"down"}
2026-06-16 12:00:18 [Application] warn: [retry] email send failed with non-transient error (attempt 1/3), not retrying {"attempt":1,"maxAttempts":3,"error":"bad request","code":"InvalidInput"}
2026-06-16 12:00:18 [Application] debug: [email:smtp] Sending email {"to":["recipient@example.com"],"subject":"Test Subject","hasHtml":true,"hasText":true,"hasAttachments":false,"attempt":2}
2026-06-16 12:00:18 [Application] warn: [retry] SMTP email to recipient@example.com failed (attempt 2/3), retrying in 2026ms {"attempt":2,"maxAttempts":3,"delay":2026,"error":"Service unavailable","transient":true}
2026-06-16 12:00:18 [Application] debug: [email:ses] Sending email {"to":["recipient@example.com"],"subject":"Test Subject","hasHtml":true,"hasText":true,"attempt":2}
2026-06-16 12:00:18 [Application] info: [email:ses] Sent successfully {"to":["recipient@example.com"],"subject":"Test Subject","messageId":"msg-5xx-retry","attempt":2}
2026-06-16 12:00:18 [Application] info: [retry] SES email to recipient@example.com succeeded on attempt 2/3
2026-06-16 12:00:18 [Application] info: [email:ses] Creating SES client {"region":"ap-south-1","hasCredentials":true,"useDefaultCredentialChain":false}
2026-06-16 12:00:18 [Application] debug: [email:ses] Sending email {"to":["recipient@example.com"],"subject":"Test Subject","hasHtml":true,"hasText":true,"attempt":1}
2026-06-16 12:00:18 [Application] warn: [retry] SES email to recipient@example.com failed (attempt 1/3), retrying in 1010ms {"attempt":1,"maxAttempts":3,"delay":1010,"error":"Rate exceeded","transient":true}
2026-06-16 12:00:19 [Application] debug: [email:ses] Sending email {"to":["recipient@example.com"],"subject":"Test Subject","hasHtml":true,"hasText":true,"attempt":2}
2026-06-16 12:00:19 [Application] warn: [retry] SES email to recipient@example.com failed (attempt 2/3), retrying in 2133ms {"attempt":2,"maxAttempts":3,"delay":2133,"error":"Rate exceeded","transient":true}
2026-06-16 12:00:20 [Application] debug: [email:smtp] Sending email {"to":["recipient@example.com"],"subject":"Test Subject","hasHtml":true,"hasText":true,"hasAttachments":false,"attempt":3}
2026-06-16 12:00:20 [Application] error: [retry] SMTP email to recipient@example.com exhausted all 3 attempts {"attempts":3,"error":"Service unavailable"}
2026-06-16 12:00:20 [Application] error: [EmailDeliveryError] EMAIL_TRANSPORT_ERROR: SMTP send failed after retries: Service unavailable {"code":"EMAIL_TRANSPORT_ERROR","recipient":"r*******t@example.com","subject":"Test Subject"}
2026-06-16 12:00:20 [Application] info: [email:smtp] Creating SMTP transport with connection pooling {"host":"smtp.example.com","port":587,"pool":true}
2026-06-16 12:00:20 [Application] debug: [email:smtp] Sending email {"to":["invalid"],"subject":"Test Subject","hasHtml":true,"hasText":true,"hasAttachments":false,"attempt":1}
2026-06-16 12:00:20 [Application] warn: [retry] SMTP email to invalid failed with non-transient error (attempt 1/3), not retrying {"attempt":1,"maxAttempts":3,"error":"Invalid email address","code":"InvalidAddress"}
2026-06-16 12:00:20 [Application] error: [EmailDeliveryError] EMAIL_TRANSPORT_ERROR: SMTP send failed after retries: Invalid email address {"code":"EMAIL_TRANSPORT_ERROR","recipient":"invalid","subject":"Test Subject"}
2026-06-16 12:00:20 [Application] error: [EmailDeliveryError] EMAIL_VALIDATION_ERROR: Recipient (to) and subject are required {"code":"EMAIL_VALIDATION_ERROR","recipient":null,"subject":"Test"}
2026-06-16 12:00:20 [Application] error: [EmailDeliveryError] EMAIL_VALIDATION_ERROR: Recipient (to) and subject are required {"code":"EMAIL_VALIDATION_ERROR","recipient":null,"subject":"Test"}
2026-06-16 12:00:20 [Application] error: [EmailDeliveryError] EMAIL_VALIDATION_ERROR: Recipient (to) and subject are required {"code":"EMAIL_VALIDATION_ERROR","recipient":"u**r@example.com","subject":null}
2026-06-16 12:00:20 [Application] info: [email:smtp] Creating SMTP transport with connection pooling {"host":"smtp.example.com","port":587,"pool":true}
2026-06-16 12:00:20 [Application] info: [email:smtp] Connection verified successfully
2026-06-16 12:00:20 [Application] info: [email:smtp] Creating SMTP transport with connection pooling {"host":"smtp.example.com","port":587,"pool":true}
2026-06-16 12:00:20 [Application] error: [email:smtp] Connection verification failed {"error":"Connection failed"}
2026-06-16 12:00:20 [Application] error: [EmailDeliveryError] EMAIL_TRANSPORT_ERROR: SMTP connection verification failed: Connection failed {"code":"EMAIL_TRANSPORT_ERROR","recipient":null,"subject":null}
2026-06-16 12:00:20 [Application] info: [email:smtp] Creating SMTP transport with connection pooling {"host":"smtp.example.com","port":587,"pool":true}
2026-06-16 12:00:20 [Application] info: [email:smtp] Transport closed
2026-06-16 12:00:21 [Application] debug: [email:ses] Sending email {"to":["recipient@example.com"],"subject":"Test Subject","hasHtml":true,"hasText":true,"attempt":3}
2026-06-16 12:00:21 [Application] error: [retry] SES email to recipient@example.com exhausted all 3 attempts {"attempts":3,"error":"Rate exceeded"}
2026-06-16 12:00:21 [Application] error: [EmailDeliveryError] EMAIL_TRANSPORT_ERROR: SES send failed after retries: Rate exceeded {"code":"EMAIL_TRANSPORT_ERROR","recipient":"r*******t@example.com","subject":"Test Subject"}
2026-06-16 12:00:21 [Application] info: [email:ses] Creating SES client {"region":"ap-south-1","hasCredentials":true,"useDefaultCredentialChain":false}
2026-06-16 12:00:21 [Application] debug: [email:ses] Sending email {"to":["recipient@example.com"],"subject":"Test Subject","hasHtml":true,"hasText":true,"attempt":1}
2026-06-16 12:00:21 [Application] warn: [retry] SES email to recipient@example.com failed with non-transient error (attempt 1/3), not retrying {"attempt":1,"maxAttempts":3,"error":"Email address is not verified","code":"MessageRejected"}
2026-06-16 12:00:21 [Application] error: [EmailDeliveryError] EMAIL_TRANSPORT_ERROR: SES send failed after retries: Email address is not verified {"code":"EMAIL_TRANSPORT_ERROR","recipient":"r*******t@example.com","subject":"Test Subject"}
2026-06-16 12:00:21 [Application] error: [EmailDeliveryError] EMAIL_VALIDATION_ERROR: Recipient (to) and subject are required {"code":"EMAIL_VALIDATION_ERROR","recipient":null,"subject":"Test"}
2026-06-16 12:00:21 [Application] error: [EmailDeliveryError] EMAIL_VALIDATION_ERROR: Recipient (to) and subject are required {"code":"EMAIL_VALIDATION_ERROR","recipient":"u**r@example.com","subject":null}
2026-06-16 12:00:21 [Application] info: [email:ses] Creating SES client {"region":"ap-south-1","hasCredentials":true,"useDefaultCredentialChain":false}
2026-06-16 12:00:21 [Application] error: [EmailDeliveryError] EMAIL_VALIDATION_ERROR: Email body (html or text) is required {"code":"EMAIL_VALIDATION_ERROR","recipient":"u**r@example.com","subject":null}
2026-06-16 12:00:21 [Application] info: [email:ses] Creating SES client {"region":"ap-south-1","hasCredentials":true,"useDefaultCredentialChain":false}
2026-06-16 12:00:21 [Application] debug: [email:ses] Sending email {"to":["a@example.com","b@example.com"],"subject":"Multiple","hasHtml":true,"hasText":false,"attempt":1}
2026-06-16 12:00:21 [Application] info: [email:ses] Sent successfully {"to":["a@example.com","b@example.com"],"subject":"Multiple","messageId":"msg-multi","attempt":1}
2026-06-16 12:00:21 [Application] info: [email:ses] Creating SES client {"region":"ap-south-1","hasCredentials":true,"useDefaultCredentialChain":false}
2026-06-16 12:00:21 [Application] info: [email:ses] SES client destroyed
2026-06-16 12:09:21 [Application] warn: [retry] email send failed (attempt 1/3), retrying in 1019ms {"attempt":1,"maxAttempts":3,"delay":1019,"error":"timeout","transient":true}
2026-06-16 12:09:21 [Application] error: [EmailDeliveryError] EMAIL_CONFIG_ERROR: AWS region is not configured. Set AWS_REGION environment variable. {"code":"EMAIL_CONFIG_ERROR","recipient":null,"subject":null}
2026-06-16 12:09:21 [Application] error: [EmailDeliveryError] EMAIL_CONFIG_ERROR: AWS region is not configured. Set AWS_REGION environment variable. {"code":"EMAIL_CONFIG_ERROR","recipient":null,"subject":null}
2026-06-16 12:09:21 [Application] error: [EmailDeliveryError] EMAIL_CONFIG_ERROR: Sender email (EMAIL_FROM) is not configured. {"code":"EMAIL_CONFIG_ERROR","recipient":null,"subject":null}
2026-06-16 12:09:21 [Application] error: [EmailDeliveryError] EMAIL_CONFIG_ERROR: Sender email (EMAIL_FROM) is not configured. {"code":"EMAIL_CONFIG_ERROR","recipient":null,"subject":null}
2026-06-16 12:09:21 [Application] info: [email:ses] Creating SES client {"region":"ap-south-1","hasCredentials":true,"useDefaultCredentialChain":false}
2026-06-16 12:09:21 [Application] debug: [email:ses] Sending email {"to":["recipient@example.com"],"subject":"Test Subject","hasHtml":true,"hasText":true,"attempt":1}
2026-06-16 12:09:21 [Application] info: [email:ses] Sent successfully {"to":["recipient@example.com"],"subject":"Test Subject","messageId":"aws-msg-12345","attempt":1}
2026-06-16 12:09:21 [Application] info: [email:ses] Creating SES client {"region":"ap-south-1","hasCredentials":true,"useDefaultCredentialChain":false}
2026-06-16 12:09:21 [Application] debug: [email:ses] Sending email {"to":["user@example.com"],"subject":"Plain text","hasHtml":false,"hasText":true,"attempt":1}
2026-06-16 12:09:21 [Application] info: [email:ses] Sent successfully {"to":["user@example.com"],"subject":"Plain text","messageId":"msg-2","attempt":1}
2026-06-16 12:09:21 [Application] info: [email:ses] Creating SES client {"region":"ap-south-1","hasCredentials":true,"useDefaultCredentialChain":false}
2026-06-16 12:09:21 [Application] debug: [email:ses] Sending email {"to":["recipient@example.com"],"subject":"Test Subject","hasHtml":true,"hasText":true,"attempt":1}
2026-06-16 12:09:21 [Application] warn: [retry] SES email to recipient@example.com failed (attempt 1/3), retrying in 1089ms {"attempt":1,"maxAttempts":3,"delay":1089,"error":"Rate exceeded","transient":true}
2026-06-16 12:09:21 [Application] error: [EmailDeliveryError] EMAIL_CONFIG_ERROR: SMTP configuration is incomplete. Set SMTP_HOST, SMTP_USER, and SMTP_PASS environment variables. {"code":"EMAIL_CONFIG_ERROR","recipient":null,"subject":null}
2026-06-16 12:09:21 [Application] error: [EmailDeliveryError] EMAIL_CONFIG_ERROR: SMTP configuration is incomplete. Set SMTP_HOST, SMTP_USER, and SMTP_PASS environment variables. {"code":"EMAIL_CONFIG_ERROR","recipient":null,"subject":null}
2026-06-16 12:09:21 [Application] info: [email:smtp] Creating SMTP transport with connection pooling {"host":"smtp.example.com","port":587,"pool":true}
2026-06-16 12:09:21 [Application] debug: [email:smtp] Sending email {"to":["recipient@example.com"],"subject":"Test Subject","hasHtml":true,"hasText":true,"hasAttachments":false,"attempt":1}
2026-06-16 12:09:21 [Application] info: [email:smtp] Sent successfully {"to":["recipient@example.com"],"subject":"Test Subject","messageId":"test-message-id","response":"250 OK","attempt":1}
2026-06-16 12:09:21 [Application] info: [email:smtp] Creating SMTP transport with connection pooling {"host":"smtp.example.com","port":587,"pool":true}
2026-06-16 12:09:21 [Application] debug: [email:smtp] Sending email {"to":["user@example.com"],"subject":"Plain text","hasHtml":false,"hasText":true,"hasAttachments":false,"attempt":1}
2026-06-16 12:09:21 [Application] info: [email:smtp] Sent successfully {"to":["user@example.com"],"subject":"Plain text","messageId":"msg-1","response":"250 OK","attempt":1}
2026-06-16 12:09:21 [Application] info: [email:smtp] Creating SMTP transport with connection pooling {"host":"smtp.example.com","port":587,"pool":true}
2026-06-16 12:09:21 [Application] debug: [email:smtp] Sending email {"to":["recipient@example.com"],"subject":"Test Subject","hasHtml":true,"hasText":true,"hasAttachments":true,"attempt":1}
2026-06-16 12:09:21 [Application] info: [email:smtp] Sent successfully {"to":["recipient@example.com"],"subject":"Test Subject","messageId":"msg-2","response":"250 OK","attempt":1}
2026-06-16 12:09:21 [Application] info: [email:smtp] Creating SMTP transport with connection pooling {"host":"smtp.example.com","port":587,"pool":true}
2026-06-16 12:09:21 [Application] debug: [email:smtp] Sending email {"to":["recipient@example.com"],"subject":"Test Subject","hasHtml":true,"hasText":true,"hasAttachments":false,"attempt":1}
2026-06-16 12:09:21 [Application] warn: [retry] SMTP email to recipient@example.com failed (attempt 1/3), retrying in 1073ms {"attempt":1,"maxAttempts":3,"delay":1073,"error":"Timeout","transient":true}
2026-06-16 12:09:21 [Application] info: [email:factory] Creating provider {"environment":"production"}
2026-06-16 12:09:21 [Application] info: [email:factory] Using SES provider (production)
2026-06-16 12:09:21 [Application] info: [email:factory] Creating provider {"environment":"development"}
2026-06-16 12:09:21 [Application] info: [email:factory] Using SMTP provider (development)
2026-06-16 12:09:21 [Application] info: [email:factory] Creating provider {"environment":"test"}
2026-06-16 12:09:21 [Application] info: [email:factory] Using SMTP provider (test)
2026-06-16 12:09:21 [Application] info: [email:factory] Creating provider {"environment":"staging"}
2026-06-16 12:09:21 [Application] info: [email:factory] Using SMTP provider (staging)
2026-06-16 12:09:21 [Application] info: [email:factory] Creating provider {"environment":"unknown"}
2026-06-16 12:09:21 [Application] warn: [email:factory] Unknown environment "unknown", falling back to SMTP
2026-06-16 12:09:21 [Application] info: [email:factory] Creating provider {"environment":"development"}
2026-06-16 12:09:21 [Application] info: [email:factory] Using SMTP provider (development)
2026-06-16 12:09:21 [Application] info: [email:factory] Creating provider {"environment":"production"}
2026-06-16 12:09:21 [Application] info: [email:factory] Using SES provider (production)
2026-06-16 12:09:22 [Application] warn: [rateLimiter:email-rate-limiter] Rate limit exceeded {"maxPerWindow":1,"windowMs":60000}
2026-06-16 12:09:21 [Application] error: [EmailDeliveryError] EMAIL_CONFIG_ERROR: A valid EmailProvider instance is required {"code":"EMAIL_CONFIG_ERROR","recipient":null,"subject":null}
2026-06-16 12:09:21 [Application] error: [EmailDeliveryError] EMAIL_CONFIG_ERROR: A valid EmailProvider instance is required {"code":"EMAIL_CONFIG_ERROR","recipient":null,"subject":null}
2026-06-16 12:09:21 [Application] info: [email:service] Sending email {"to":["user@example.com"],"subject":"Test","hasHtml":true,"hasText":false,"hasAttachments":false}
2026-06-16 12:09:21 [Application] info: [email:service] Email delivered {"to":["user@example.com"],"subject":"Test","messageId":"msg-1"}
2026-06-16 12:09:21 [Application] error: [EmailDeliveryError] EMAIL_VALIDATION_ERROR: Recipient email (to) is required {"code":"EMAIL_VALIDATION_ERROR","recipient":null,"subject":null}
2026-06-16 12:09:21 [Application] error: [EmailDeliveryError] EMAIL_VALIDATION_ERROR: Email subject is required {"code":"EMAIL_VALIDATION_ERROR","recipient":"u**r@example.com","subject":null}
2026-06-16 12:09:21 [Application] error: [EmailDeliveryError] EMAIL_VALIDATION_ERROR: Email body (html or text) is required {"code":"EMAIL_VALIDATION_ERROR","recipient":"u**r@example.com","subject":null}
2026-06-16 12:09:21 [Application] info: [email:service] Sending email {"to":["user@example.com"],"subject":"Test","hasHtml":true,"hasText":false,"hasAttachments":false}
2026-06-16 12:09:21 [Application] error: [EmailDeliveryError] EMAIL_TRANSPORT_ERROR: Failed to send email: Provider error {"code":"EMAIL_TRANSPORT_ERROR","recipient":"u**r@example.com","subject":"Test"}
2026-06-16 12:09:21 [Application] error: [EmailDeliveryError] EMAIL_CONFIG_ERROR: Bad config {"code":"EMAIL_CONFIG_ERROR","recipient":null,"subject":null}
2026-06-16 12:09:21 [Application] info: [email:service] Sending email {"to":["user@example.com"],"subject":"Test","hasHtml":true,"hasText":false,"hasAttachments":false}
2026-06-16 12:09:21 [Application] info: [email:service] Sending email {"to":["new@example.com"],"subject":"Welcome to Maven CRM QR — your account is ready","hasHtml":true,"hasText":true,"hasAttachments":false}
2026-06-16 12:09:21 [Application] info: [email:service] Email delivered {"to":["new@example.com"],"subject":"Welcome to Maven CRM QR — your account is ready","messageId":"welcome-msg"}
2026-06-16 12:09:21 [Application] info: [email:service] Sending email {"to":["new@example.com"],"subject":"Welcome to Maven CRM QR — your account is ready","hasHtml":true,"hasText":true,"hasAttachments":false}
2026-06-16 12:09:21 [Application] info: [email:service] Email delivered {"to":["new@example.com"],"subject":"Welcome to Maven CRM QR — your account is ready","messageId":"welcome-msg-2"}
2026-06-16 12:09:21 [Application] info: [email:service] Sending email {"to":["user@example.com"],"subject":"Reset your Maven CRM QR password","hasHtml":true,"hasText":true,"hasAttachments":false}
2026-06-16 12:09:21 [Application] info: [email:service] Email delivered {"to":["user@example.com"],"subject":"Reset your Maven CRM QR password","messageId":"reset-msg"}
2026-06-16 12:09:21 [Application] info: [email:service] Sending email {"to":["user@example.com"],"subject":"Reset your Maven CRM QR password","hasHtml":true,"hasText":true,"hasAttachments":false}
2026-06-16 12:09:21 [Application] info: [email:service] Email delivered {"to":["user@example.com"],"subject":"Reset your Maven CRM QR password","messageId":"reset-msg"}
2026-06-16 12:09:21 [Application] info: [email:service] Sending email {"to":["user@example.com"],"subject":"Your OTP code — Maven CRM QR","hasHtml":true,"hasText":true,"hasAttachments":false}
2026-06-16 12:09:21 [Application] info: [email:service] Email delivered {"to":["user@example.com"],"subject":"Your OTP code — Maven CRM QR","messageId":"otp-msg"}
2026-06-16 12:09:21 [Application] info: [email:service] Sending email {"to":["user@example.com"],"subject":"Your OTP code — Maven CRM QR","hasHtml":true,"hasText":true,"hasAttachments":false}
2026-06-16 12:09:21 [Application] info: [email:service] Email delivered {"to":["user@example.com"],"subject":"Your OTP code — Maven CRM QR","messageId":"otp-msg-2"}
2026-06-16 12:09:21 [Application] info: [email:service] Sending email {"to":["candidate@example.com"],"subject":"Application submitted — Software Engineer at Tech Corp","hasHtml":true,"hasText":true,"hasAttachments":false}
2026-06-16 12:09:21 [Application] info: [email:service] Email delivered {"to":["candidate@example.com"],"subject":"Application submitted — Software Engineer at Tech Corp","messageId":"app-msg"}
2026-06-16 12:09:21 [Application] error: [EmailDeliveryError] EMAIL_TRANSPORT_ERROR: Provider does not support connection verification {"code":"EMAIL_TRANSPORT_ERROR","recipient":null,"subject":null}
2026-06-16 12:09:22 [Application] warn: [circuitBreaker:test] Failure threshold reached (3/3), transitioning CLOSED -> OPEN
2026-06-16 12:09:22 [Application] warn: [circuitBreaker:test] Failure threshold reached (3/3), transitioning CLOSED -> OPEN
2026-06-16 12:09:22 [Application] warn: [circuitBreaker:test] Circuit is OPEN, rejecting call
2026-06-16 12:09:22 [Application] warn: [circuitBreaker:test] Failure threshold reached (3/3), transitioning CLOSED -> OPEN
2026-06-16 12:09:21 [Application] error: [AttachmentValidationError] Attachment "virus.exe" has disallowed content type: application/x-msdownload {"filename":"virus.exe","contentType":"application/x-msdownload","size":null}
2026-06-16 12:09:22 [Application] info: [retry] email send succeeded on attempt 2/3
2026-06-16 12:09:22 [Application] warn: [retry] email send failed (attempt 1/2), retrying in 1063ms {"attempt":1,"maxAttempts":2,"delay":1063,"error":"down","transient":true}
2026-06-16 12:09:22 [Application] info: [circuitBreaker:test] Transitioning OPEN -> HALF_OPEN
2026-06-16 12:09:22 [Application] info: [circuitBreaker:test] Transitioning HALF_OPEN -> CLOSED (success)
2026-06-16 12:09:22 [Application] warn: [circuitBreaker:test] Failure threshold reached (3/3), transitioning CLOSED -> OPEN
2026-06-16 12:09:21 [Application] warn: [email:readiness] Identity verification check failed {"error":"AccessDenied"}
2026-06-16 12:09:22 [Application] info: [circuitBreaker:test] Transitioning OPEN -> HALF_OPEN
2026-06-16 12:09:22 [Application] warn: [circuitBreaker:test] HALF_OPEN attempt failed, returning to OPEN
2026-06-16 12:09:22 [Application] info: [circuitBreaker:test] Reset to CLOSED
2026-06-16 12:09:22 [Application] debug: [email:ses] Sending email {"to":["recipient@example.com"],"subject":"Test Subject","hasHtml":true,"hasText":true,"attempt":2}
2026-06-16 12:09:22 [Application] info: [email:ses] Sent successfully {"to":["recipient@example.com"],"subject":"Test Subject","messageId":"msg-retry","attempt":2}
2026-06-16 12:09:22 [Application] info: [retry] SES email to recipient@example.com succeeded on attempt 2/3
2026-06-16 12:09:22 [Application] info: [email:ses] Creating SES client {"region":"ap-south-1","hasCredentials":true,"useDefaultCredentialChain":false}
2026-06-16 12:09:22 [Application] debug: [email:ses] Sending email {"to":["recipient@example.com"],"subject":"Test Subject","hasHtml":true,"hasText":true,"attempt":1}
2026-06-16 12:09:22 [Application] warn: [retry] SES email to recipient@example.com failed (attempt 1/3), retrying in 1023ms {"attempt":1,"maxAttempts":3,"delay":1023,"error":"Service unavailable","transient":true}
2026-06-16 12:09:22 [Application] debug: [email:smtp] Sending email {"to":["recipient@example.com"],"subject":"Test Subject","hasHtml":true,"hasText":true,"hasAttachments":false,"attempt":2}
2026-06-16 12:09:22 [Application] info: [email:smtp] Sent successfully {"to":["recipient@example.com"],"subject":"Test Subject","messageId":"msg-retry","response":"250 OK","attempt":2}
2026-06-16 12:09:22 [Application] info: [retry] SMTP email to recipient@example.com succeeded on attempt 2/3
2026-06-16 12:09:22 [Application] info: [email:smtp] Creating SMTP transport with connection pooling {"host":"smtp.example.com","port":587,"pool":true}
2026-06-16 12:09:22 [Application] debug: [email:smtp] Sending email {"to":["recipient@example.com"],"subject":"Test Subject","hasHtml":true,"hasText":true,"hasAttachments":false,"attempt":1}
2026-06-16 12:09:22 [Application] warn: [retry] SMTP email to recipient@example.com failed (attempt 1/3), retrying in 1040ms {"attempt":1,"maxAttempts":3,"delay":1040,"error":"Service unavailable","transient":true}
2026-06-16 12:09:22 [Application] error: [EmailDeliveryError] EMAIL_DELIVERY_ERROR: Something went wrong {"code":"EMAIL_DELIVERY_ERROR","recipient":null,"subject":null}
2026-06-16 12:09:22 [Application] error: [EmailDeliveryError] EMAIL_CONFIG_ERROR: Config error {"code":"EMAIL_CONFIG_ERROR","recipient":null,"subject":null}
2026-06-16 12:09:22 [Application] error: [EmailDeliveryError] EMAIL_DELIVERY_ERROR: Wrapped {"code":"EMAIL_DELIVERY_ERROR","recipient":null,"subject":null}
2026-06-16 12:09:22 [Application] error: [EmailDeliveryError] EMAIL_DELIVERY_ERROR: Failed {"code":"EMAIL_DELIVERY_ERROR","recipient":"u**r@example.com","subject":"Test"}
2026-06-16 12:09:22 [Application] error: [EmailDeliveryError] EMAIL_DELIVERY_ERROR: Test {"code":"EMAIL_DELIVERY_ERROR","recipient":"j*****e@example.com","subject":null}
2026-06-16 12:09:22 [Application] error: [EmailDeliveryError] EMAIL_TEST_ERROR: Error message {"code":"EMAIL_TEST_ERROR","recipient":null,"subject":null}
2026-06-16 12:09:22 [Application] error: [EmailDeliveryError] EMAIL_THROTTLING_ERROR: Rate limit exceeded: maximum 1 emails per 60s {"code":"EMAIL_THROTTLING_ERROR","recipient":null,"subject":null}
2026-06-16 12:09:22 [Application] warn: [rateLimiter:email-rate-limiter] Rate limit exceeded {"maxPerWindow":1,"windowMs":60000}
2026-06-16 12:09:22 [Application] error: [EmailDeliveryError] EMAIL_THROTTLING_ERROR: Rate limit exceeded: maximum 1 emails per 60s {"code":"EMAIL_THROTTLING_ERROR","recipient":null,"subject":null}
2026-06-16 12:09:22 [Application] info: [email:sandbox] SES quota check complete {"sandbox":true,"maxSendRate":1,"max24HourSend":200}
2026-06-16 12:09:23 [Application] info: [email:sandbox] SES quota check complete {"sandbox":false,"maxSendRate":14,"max24HourSend":50000}
2026-06-16 12:09:23 [Application] warn: [email:sandbox] Could not check SES quota {"error":"AccessDenied"}
2026-06-16 12:09:23 [Application] error: [retry] email send exhausted all 2 attempts {"attempts":2,"error":"down"}
2026-06-16 12:09:23 [Application] warn: [retry] email send failed with non-transient error (attempt 1/3), not retrying {"attempt":1,"maxAttempts":3,"error":"bad request","code":"InvalidInput"}
2026-06-16 12:09:21 [Application] error: [AttachmentValidationError] Attachment "large.pdf" exceeds maximum size of 10485760 bytes {"filename":"large.pdf","contentType":null,"size":15728640}
2026-06-16 12:09:21 [Application] error: [AttachmentValidationError] Attachment at index 0: provide either content or path, not both {"filename":"conflict.pdf","contentType":null,"size":null}
2026-06-16 12:09:21 [Application] error: [AttachmentValidationError] Attachment at index 0: filename, content, or path is required {"filename":null,"contentType":null,"size":null}
2026-06-16 12:09:21 [Application] info: [email:attachments] Virus scan hook cleared
2026-06-16 12:09:21 [Application] info: [email:attachments] Virus scan hook cleared
2026-06-16 12:09:21 [Application] info: [email:attachments] Virus scan hook registered
2026-06-16 12:09:21 [Application] info: [email:attachments] Virus scan hook cleared
2026-06-16 12:09:21 [Application] info: [email:attachments] Virus scan hook registered
2026-06-16 12:09:21 [Application] error: [AttachmentValidationError] Attachment "bad.pdf" failed virus scan: Trojan detected {"filename":"bad.pdf","contentType":"application/pdf","size":null}
2026-06-16 12:09:21 [Application] info: [email:attachments] Virus scan hook cleared
2026-06-16 12:09:21 [Application] info: [email:attachments] Virus scan hook registered
2026-06-16 12:09:21 [Application] error: [email:attachments] Virus scan error {"filename":"doc.pdf","error":"Scan service down"}
2026-06-16 12:09:21 [Application] error: [AttachmentValidationError] Virus scan failed for "doc.pdf": Scan service down {"filename":"doc.pdf","contentType":null,"size":null}
2026-06-16 12:09:21 [Application] info: [email:attachments] Virus scan hook cleared
2026-06-16 12:09:21 [Application] info: [email:attachments] Virus scan hook cleared
2026-06-16 12:09:21 [Application] info: [email:attachments] Virus scan hook registered
2026-06-16 12:09:22 [Application] error: [TemplateValidationError] Template "test" has missing placeholders: code {"templateName":"test","missingPlaceholders":["code"],"extraVariables":[]}
2026-06-16 12:09:22 [Application] error: [TemplateValidationError] Template "test" has missing placeholders: email {"templateName":"test","missingPlaceholders":["email"],"extraVariables":[]}
2026-06-16 12:09:22 [Application] error: [TemplateValidationError] Template "test" received unused variables: extra {"templateName":"test","missingPlaceholders":[],"extraVariables":["extra"]}
2026-06-16 12:09:22 [Application] error: [TemplateValidationError] Template must be a string {"templateName":"unknown","missingPlaceholders":[],"extraVariables":[]}
2026-06-16 12:09:22 [Application] error: [TemplateValidationError] Variables must be an object {"templateName":"unknown","missingPlaceholders":[],"extraVariables":[]}
2026-06-16 12:09:22 [Application] error: [TemplateValidationError] Template "test" has missing placeholders: name {"templateName":"test","missingPlaceholders":["name"],"extraVariables":[]}
2026-06-16 12:09:22 [Application] error: [TemplateValidationError] Template "unknown" has missing placeholders: name {"templateName":"unknown","missingPlaceholders":["name"],"extraVariables":[]}
2026-06-16 12:09:22 [Application] error: [TemplateValidationError] Template "html-template" has missing placeholders: code {"templateName":"html-template","missingPlaceholders":["code"],"extraVariables":[]}
2026-06-16 12:09:23 [Application] info: [email:queue] Queue closed
2026-06-16 12:09:23 [Application] warn: [email:queue] bullmq is not installed. Install it with: npm install bullmq
2026-06-16 12:09:23 [Application] info: [email:queue] Falling back to immediate delivery
2026-06-16 12:09:23 [Application] info: [email:queue] Queue closed
2026-06-16 12:09:23 [Application] debug: [email:ses] Sending email {"to":["recipient@example.com"],"subject":"Test Subject","hasHtml":true,"hasText":true,"attempt":2}
2026-06-16 12:09:23 [Application] info: [email:ses] Sent successfully {"to":["recipient@example.com"],"subject":"Test Subject","messageId":"msg-5xx-retry","attempt":2}
2026-06-16 12:09:23 [Application] info: [retry] SES email to recipient@example.com succeeded on attempt 2/3
2026-06-16 12:09:23 [Application] info: [email:ses] Creating SES client {"region":"ap-south-1","hasCredentials":true,"useDefaultCredentialChain":false}
2026-06-16 12:09:23 [Application] debug: [email:ses] Sending email {"to":["recipient@example.com"],"subject":"Test Subject","hasHtml":true,"hasText":true,"attempt":1}
2026-06-16 12:09:23 [Application] warn: [retry] SES email to recipient@example.com failed (attempt 1/3), retrying in 1017ms {"attempt":1,"maxAttempts":3,"delay":1017,"error":"Rate exceeded","transient":true}
2026-06-16 12:09:23 [Application] debug: [email:smtp] Sending email {"to":["recipient@example.com"],"subject":"Test Subject","hasHtml":true,"hasText":true,"hasAttachments":false,"attempt":2}
2026-06-16 12:09:23 [Application] warn: [retry] SMTP email to recipient@example.com failed (attempt 2/3), retrying in 2067ms {"attempt":2,"maxAttempts":3,"delay":2067,"error":"Service unavailable","transient":true}
2026-06-16 12:09:24 [Application] debug: [email:ses] Sending email {"to":["recipient@example.com"],"subject":"Test Subject","hasHtml":true,"hasText":true,"attempt":2}
2026-06-16 12:09:24 [Application] warn: [retry] SES email to recipient@example.com failed (attempt 2/3), retrying in 2170ms {"attempt":2,"maxAttempts":3,"delay":2170,"error":"Rate exceeded","transient":true}
2026-06-16 12:09:26 [Application] debug: [email:smtp] Sending email {"to":["recipient@example.com"],"subject":"Test Subject","hasHtml":true,"hasText":true,"hasAttachments":false,"attempt":3}
2026-06-16 12:09:26 [Application] error: [retry] SMTP email to recipient@example.com exhausted all 3 attempts {"attempts":3,"error":"Service unavailable"}
2026-06-16 12:09:26 [Application] error: [EmailDeliveryError] EMAIL_TRANSPORT_ERROR: SMTP send failed after retries: Service unavailable {"code":"EMAIL_TRANSPORT_ERROR","recipient":"r*******t@example.com","subject":"Test Subject"}
2026-06-16 12:09:26 [Application] info: [email:smtp] Creating SMTP transport with connection pooling {"host":"smtp.example.com","port":587,"pool":true}
2026-06-16 12:09:26 [Application] debug: [email:smtp] Sending email {"to":["invalid"],"subject":"Test Subject","hasHtml":true,"hasText":true,"hasAttachments":false,"attempt":1}
2026-06-16 12:09:26 [Application] warn: [retry] SMTP email to invalid failed with non-transient error (attempt 1/3), not retrying {"attempt":1,"maxAttempts":3,"error":"Invalid email address","code":"InvalidAddress"}
2026-06-16 12:09:26 [Application] error: [EmailDeliveryError] EMAIL_TRANSPORT_ERROR: SMTP send failed after retries: Invalid email address {"code":"EMAIL_TRANSPORT_ERROR","recipient":"invalid","subject":"Test Subject"}
2026-06-16 12:09:26 [Application] error: [EmailDeliveryError] EMAIL_VALIDATION_ERROR: Recipient (to) and subject are required {"code":"EMAIL_VALIDATION_ERROR","recipient":null,"subject":"Test"}
2026-06-16 12:09:26 [Application] error: [EmailDeliveryError] EMAIL_VALIDATION_ERROR: Recipient (to) and subject are required {"code":"EMAIL_VALIDATION_ERROR","recipient":null,"subject":"Test"}
2026-06-16 12:09:26 [Application] error: [EmailDeliveryError] EMAIL_VALIDATION_ERROR: Recipient (to) and subject are required {"code":"EMAIL_VALIDATION_ERROR","recipient":"u**r@example.com","subject":null}
2026-06-16 12:09:26 [Application] info: [email:smtp] Creating SMTP transport with connection pooling {"host":"smtp.example.com","port":587,"pool":true}
2026-06-16 12:09:26 [Application] info: [email:smtp] Connection verified successfully
2026-06-16 12:09:26 [Application] info: [email:smtp] Creating SMTP transport with connection pooling {"host":"smtp.example.com","port":587,"pool":true}
2026-06-16 12:09:26 [Application] error: [email:smtp] Connection verification failed {"error":"Connection failed"}
2026-06-16 12:09:26 [Application] error: [EmailDeliveryError] EMAIL_TRANSPORT_ERROR: SMTP connection verification failed: Connection failed {"code":"EMAIL_TRANSPORT_ERROR","recipient":null,"subject":null}
2026-06-16 12:09:26 [Application] info: [email:smtp] Creating SMTP transport with connection pooling {"host":"smtp.example.com","port":587,"pool":true}
2026-06-16 12:09:26 [Application] info: [email:smtp] Transport closed
2026-06-16 12:09:26 [Application] debug: [email:ses] Sending email {"to":["recipient@example.com"],"subject":"Test Subject","hasHtml":true,"hasText":true,"attempt":3}
2026-06-16 12:09:26 [Application] error: [retry] SES email to recipient@example.com exhausted all 3 attempts {"attempts":3,"error":"Rate exceeded"}
2026-06-16 12:09:26 [Application] error: [EmailDeliveryError] EMAIL_TRANSPORT_ERROR: SES send failed after retries: Rate exceeded {"code":"EMAIL_TRANSPORT_ERROR","recipient":"r*******t@example.com","subject":"Test Subject"}
2026-06-16 12:09:26 [Application] info: [email:ses] Creating SES client {"region":"ap-south-1","hasCredentials":true,"useDefaultCredentialChain":false}
2026-06-16 12:09:26 [Application] debug: [email:ses] Sending email {"to":["recipient@example.com"],"subject":"Test Subject","hasHtml":true,"hasText":true,"attempt":1}
2026-06-16 12:09:26 [Application] warn: [retry] SES email to recipient@example.com failed with non-transient error (attempt 1/3), not retrying {"attempt":1,"maxAttempts":3,"error":"Email address is not verified","code":"MessageRejected"}
2026-06-16 12:09:26 [Application] error: [EmailDeliveryError] EMAIL_TRANSPORT_ERROR: SES send failed after retries: Email address is not verified {"code":"EMAIL_TRANSPORT_ERROR","recipient":"r*******t@example.com","subject":"Test Subject"}
2026-06-16 12:09:26 [Application] error: [EmailDeliveryError] EMAIL_VALIDATION_ERROR: Recipient (to) and subject are required {"code":"EMAIL_VALIDATION_ERROR","recipient":null,"subject":"Test"}
2026-06-16 12:09:26 [Application] error: [EmailDeliveryError] EMAIL_VALIDATION_ERROR: Recipient (to) and subject are required {"code":"EMAIL_VALIDATION_ERROR","recipient":"u**r@example.com","subject":null}
2026-06-16 12:09:26 [Application] info: [email:ses] Creating SES client {"region":"ap-south-1","hasCredentials":true,"useDefaultCredentialChain":false}
2026-06-16 12:09:26 [Application] error: [EmailDeliveryError] EMAIL_VALIDATION_ERROR: Email body (html or text) is required {"code":"EMAIL_VALIDATION_ERROR","recipient":"u**r@example.com","subject":null}
2026-06-16 12:09:26 [Application] info: [email:ses] Creating SES client {"region":"ap-south-1","hasCredentials":true,"useDefaultCredentialChain":false}
2026-06-16 12:09:26 [Application] debug: [email:ses] Sending email {"to":["a@example.com","b@example.com"],"subject":"Multiple","hasHtml":true,"hasText":false,"attempt":1}
2026-06-16 12:09:26 [Application] info: [email:ses] Sent successfully {"to":["a@example.com","b@example.com"],"subject":"Multiple","messageId":"msg-multi","attempt":1}
2026-06-16 12:09:26 [Application] info: [email:ses] Creating SES client {"region":"ap-south-1","hasCredentials":true,"useDefaultCredentialChain":false}
2026-06-16 12:09:26 [Application] info: [email:ses] SES client destroyed
2026-06-16 12:10:22 [Application] info: [email:queue] Queue closed
2026-06-16 12:10:23 [Application] warn: [email:queue] bullmq is not installed. Install it with: npm install bullmq
2026-06-16 12:10:23 [Application] info: [email:queue] Falling back to immediate delivery
2026-06-16 12:10:23 [Application] info: [email:queue] Queue closed
2026-06-16 12:10:22 [Application] error: [EmailDeliveryError] EMAIL_CONFIG_ERROR: SMTP configuration is incomplete. Set SMTP_HOST, SMTP_USER, and SMTP_PASS environment variables. {"code":"EMAIL_CONFIG_ERROR","recipient":null,"subject":null}
2026-06-16 12:10:23 [Application] error: [EmailDeliveryError] EMAIL_CONFIG_ERROR: SMTP configuration is incomplete. Set SMTP_HOST, SMTP_USER, and SMTP_PASS environment variables. {"code":"EMAIL_CONFIG_ERROR","recipient":null,"subject":null}
2026-06-16 12:10:23 [Application] info: [email:smtp] Creating SMTP transport with connection pooling {"host":"smtp.example.com","port":587,"pool":true}
2026-06-16 12:10:23 [Application] debug: [email:smtp] Sending email {"to":["recipient@example.com"],"subject":"Test Subject","hasHtml":true,"hasText":true,"hasAttachments":false,"attempt":1}
2026-06-16 12:10:23 [Application] info: [email:smtp] Sent successfully {"to":["recipient@example.com"],"subject":"Test Subject","messageId":"test-message-id","response":"250 OK","attempt":1}
2026-06-16 12:10:23 [Application] info: [email:smtp] Creating SMTP transport with connection pooling {"host":"smtp.example.com","port":587,"pool":true}
2026-06-16 12:10:23 [Application] debug: [email:smtp] Sending email {"to":["user@example.com"],"subject":"Plain text","hasHtml":false,"hasText":true,"hasAttachments":false,"attempt":1}
2026-06-16 12:10:23 [Application] info: [email:smtp] Sent successfully {"to":["user@example.com"],"subject":"Plain text","messageId":"msg-1","response":"250 OK","attempt":1}
2026-06-16 12:10:23 [Application] info: [email:smtp] Creating SMTP transport with connection pooling {"host":"smtp.example.com","port":587,"pool":true}
2026-06-16 12:10:23 [Application] debug: [email:smtp] Sending email {"to":["recipient@example.com"],"subject":"Test Subject","hasHtml":true,"hasText":true,"hasAttachments":true,"attempt":1}
2026-06-16 12:10:23 [Application] info: [email:smtp] Sent successfully {"to":["recipient@example.com"],"subject":"Test Subject","messageId":"msg-2","response":"250 OK","attempt":1}
2026-06-16 12:10:23 [Application] info: [email:smtp] Creating SMTP transport with connection pooling {"host":"smtp.example.com","port":587,"pool":true}
2026-06-16 12:10:23 [Application] debug: [email:smtp] Sending email {"to":["recipient@example.com"],"subject":"Test Subject","hasHtml":true,"hasText":true,"hasAttachments":false,"attempt":1}
2026-06-16 12:10:23 [Application] warn: [retry] SMTP email to recipient@example.com failed (attempt 1/3), retrying in 1090ms {"attempt":1,"maxAttempts":3,"delay":1090,"error":"Timeout","transient":true}
2026-06-16 12:10:23 [Application] info: [email:factory] Creating provider {"environment":"production"}
2026-06-16 12:10:23 [Application] info: [email:factory] Using SES provider (production)
2026-06-16 12:10:23 [Application] info: [email:factory] Creating provider {"environment":"development"}
2026-06-16 12:10:23 [Application] info: [email:factory] Using SMTP provider (development)
2026-06-16 12:10:23 [Application] info: [email:factory] Creating provider {"environment":"test"}
2026-06-16 12:10:23 [Application] info: [email:factory] Using SMTP provider (test)
2026-06-16 12:10:23 [Application] info: [email:factory] Creating provider {"environment":"staging"}
2026-06-16 12:10:23 [Application] info: [email:factory] Using SMTP provider (staging)
2026-06-16 12:10:23 [Application] info: [email:factory] Creating provider {"environment":"unknown"}
2026-06-16 12:10:23 [Application] warn: [email:factory] Unknown environment "unknown", falling back to SMTP
2026-06-16 12:10:23 [Application] info: [email:factory] Creating provider {"environment":"development"}
2026-06-16 12:10:23 [Application] info: [email:factory] Using SMTP provider (development)
2026-06-16 12:10:23 [Application] info: [email:factory] Creating provider {"environment":"production"}
2026-06-16 12:10:23 [Application] info: [email:factory] Using SES provider (production)
2026-06-16 12:10:23 [Application] warn: [retry] email send failed (attempt 1/3), retrying in 1047ms {"attempt":1,"maxAttempts":3,"delay":1047,"error":"timeout","transient":true}
2026-06-16 12:10:23 [Application] error: [EmailDeliveryError] EMAIL_CONFIG_ERROR: AWS region is not configured. Set AWS_REGION environment variable. {"code":"EMAIL_CONFIG_ERROR","recipient":null,"subject":null}
2026-06-16 12:10:23 [Application] error: [EmailDeliveryError] EMAIL_CONFIG_ERROR: AWS region is not configured. Set AWS_REGION environment variable. {"code":"EMAIL_CONFIG_ERROR","recipient":null,"subject":null}
2026-06-16 12:10:23 [Application] error: [EmailDeliveryError] EMAIL_CONFIG_ERROR: Sender email (EMAIL_FROM) is not configured. {"code":"EMAIL_CONFIG_ERROR","recipient":null,"subject":null}
2026-06-16 12:10:23 [Application] error: [EmailDeliveryError] EMAIL_CONFIG_ERROR: Sender email (EMAIL_FROM) is not configured. {"code":"EMAIL_CONFIG_ERROR","recipient":null,"subject":null}
2026-06-16 12:10:23 [Application] info: [email:ses] Creating SES client {"region":"ap-south-1","hasCredentials":true,"useDefaultCredentialChain":false}
2026-06-16 12:10:23 [Application] debug: [email:ses] Sending email {"to":["recipient@example.com"],"subject":"Test Subject","hasHtml":true,"hasText":true,"attempt":1}
2026-06-16 12:10:23 [Application] info: [email:ses] Sent successfully {"to":["recipient@example.com"],"subject":"Test Subject","messageId":"aws-msg-12345","attempt":1}
2026-06-16 12:10:23 [Application] info: [email:ses] Creating SES client {"region":"ap-south-1","hasCredentials":true,"useDefaultCredentialChain":false}
2026-06-16 12:10:23 [Application] debug: [email:ses] Sending email {"to":["user@example.com"],"subject":"Plain text","hasHtml":false,"hasText":true,"attempt":1}
2026-06-16 12:10:23 [Application] info: [email:ses] Sent successfully {"to":["user@example.com"],"subject":"Plain text","messageId":"msg-2","attempt":1}
2026-06-16 12:10:23 [Application] info: [email:ses] Creating SES client {"region":"ap-south-1","hasCredentials":true,"useDefaultCredentialChain":false}
2026-06-16 12:10:23 [Application] debug: [email:ses] Sending email {"to":["recipient@example.com"],"subject":"Test Subject","hasHtml":true,"hasText":true,"attempt":1}
2026-06-16 12:10:23 [Application] warn: [retry] SES email to recipient@example.com failed (attempt 1/3), retrying in 1094ms {"attempt":1,"maxAttempts":3,"delay":1094,"error":"Rate exceeded","transient":true}
2026-06-16 12:10:23 [Application] error: [EmailDeliveryError] EMAIL_CONFIG_ERROR: A valid EmailProvider instance is required {"code":"EMAIL_CONFIG_ERROR","recipient":null,"subject":null}
2026-06-16 12:10:23 [Application] error: [EmailDeliveryError] EMAIL_CONFIG_ERROR: A valid EmailProvider instance is required {"code":"EMAIL_CONFIG_ERROR","recipient":null,"subject":null}
2026-06-16 12:10:23 [Application] info: [email:service] Sending email {"to":["user@example.com"],"subject":"Test","hasHtml":true,"hasText":false,"hasAttachments":false}
2026-06-16 12:10:23 [Application] info: [email:service] Email delivered {"to":["user@example.com"],"subject":"Test","messageId":"msg-1"}
2026-06-16 12:10:23 [Application] error: [EmailDeliveryError] EMAIL_VALIDATION_ERROR: Recipient email (to) is required {"code":"EMAIL_VALIDATION_ERROR","recipient":null,"subject":null}
2026-06-16 12:10:23 [Application] error: [EmailDeliveryError] EMAIL_VALIDATION_ERROR: Email subject is required {"code":"EMAIL_VALIDATION_ERROR","recipient":"u**r@example.com","subject":null}
2026-06-16 12:10:23 [Application] error: [EmailDeliveryError] EMAIL_VALIDATION_ERROR: Email body (html or text) is required {"code":"EMAIL_VALIDATION_ERROR","recipient":"u**r@example.com","subject":null}
2026-06-16 12:10:23 [Application] info: [email:service] Sending email {"to":["user@example.com"],"subject":"Test","hasHtml":true,"hasText":false,"hasAttachments":false}
2026-06-16 12:10:23 [Application] error: [EmailDeliveryError] EMAIL_TRANSPORT_ERROR: Failed to send email: Provider error {"code":"EMAIL_TRANSPORT_ERROR","recipient":"u**r@example.com","subject":"Test"}
2026-06-16 12:10:23 [Application] error: [EmailDeliveryError] EMAIL_CONFIG_ERROR: Bad config {"code":"EMAIL_CONFIG_ERROR","recipient":null,"subject":null}
2026-06-16 12:10:23 [Application] info: [email:service] Sending email {"to":["user@example.com"],"subject":"Test","hasHtml":true,"hasText":false,"hasAttachments":false}
2026-06-16 12:10:23 [Application] info: [email:service] Sending email {"to":["new@example.com"],"subject":"Welcome to Maven CRM QR — your account is ready","hasHtml":true,"hasText":true,"hasAttachments":false}
2026-06-16 12:10:23 [Application] info: [email:service] Email delivered {"to":["new@example.com"],"subject":"Welcome to Maven CRM QR — your account is ready","messageId":"welcome-msg"}
2026-06-16 12:10:23 [Application] info: [email:service] Sending email {"to":["new@example.com"],"subject":"Welcome to Maven CRM QR — your account is ready","hasHtml":true,"hasText":true,"hasAttachments":false}
2026-06-16 12:10:23 [Application] info: [email:service] Email delivered {"to":["new@example.com"],"subject":"Welcome to Maven CRM QR — your account is ready","messageId":"welcome-msg-2"}
2026-06-16 12:10:23 [Application] info: [email:service] Sending email {"to":["user@example.com"],"subject":"Reset your Maven CRM QR password","hasHtml":true,"hasText":true,"hasAttachments":false}
2026-06-16 12:10:23 [Application] info: [email:service] Email delivered {"to":["user@example.com"],"subject":"Reset your Maven CRM QR password","messageId":"reset-msg"}
2026-06-16 12:10:23 [Application] info: [email:service] Sending email {"to":["user@example.com"],"subject":"Reset your Maven CRM QR password","hasHtml":true,"hasText":true,"hasAttachments":false}
2026-06-16 12:10:23 [Application] info: [email:service] Email delivered {"to":["user@example.com"],"subject":"Reset your Maven CRM QR password","messageId":"reset-msg"}
2026-06-16 12:10:23 [Application] info: [email:service] Sending email {"to":["user@example.com"],"subject":"Your OTP code — Maven CRM QR","hasHtml":true,"hasText":true,"hasAttachments":false}
2026-06-16 12:10:23 [Application] info: [email:service] Email delivered {"to":["user@example.com"],"subject":"Your OTP code — Maven CRM QR","messageId":"otp-msg"}
2026-06-16 12:10:23 [Application] info: [email:service] Sending email {"to":["user@example.com"],"subject":"Your OTP code — Maven CRM QR","hasHtml":true,"hasText":true,"hasAttachments":false}
2026-06-16 12:10:23 [Application] info: [email:service] Email delivered {"to":["user@example.com"],"subject":"Your OTP code — Maven CRM QR","messageId":"otp-msg-2"}
2026-06-16 12:10:23 [Application] info: [email:service] Sending email {"to":["candidate@example.com"],"subject":"Application submitted — Software Engineer at Tech Corp","hasHtml":true,"hasText":true,"hasAttachments":false}
2026-06-16 12:10:23 [Application] info: [email:service] Email delivered {"to":["candidate@example.com"],"subject":"Application submitted — Software Engineer at Tech Corp","messageId":"app-msg"}
2026-06-16 12:10:23 [Application] error: [EmailDeliveryError] EMAIL_TRANSPORT_ERROR: Provider does not support connection verification {"code":"EMAIL_TRANSPORT_ERROR","recipient":null,"subject":null}
2026-06-16 12:10:23 [Application] warn: [email:readiness] Identity verification check failed {"error":"AccessDenied"}
2026-06-16 12:10:23 [Application] warn: [circuitBreaker:test] Failure threshold reached (3/3), transitioning CLOSED -> OPEN
2026-06-16 12:10:23 [Application] warn: [circuitBreaker:test] Failure threshold reached (3/3), transitioning CLOSED -> OPEN
2026-06-16 12:10:23 [Application] warn: [circuitBreaker:test] Circuit is OPEN, rejecting call
2026-06-16 12:10:23 [Application] warn: [circuitBreaker:test] Failure threshold reached (3/3), transitioning CLOSED -> OPEN
2026-06-16 12:10:23 [Application] error: [AttachmentValidationError] Attachment "virus.exe" has disallowed content type: application/x-msdownload {"filename":"virus.exe","contentType":"application/x-msdownload","size":null}
2026-06-16 12:10:23 [Application] error: [AttachmentValidationError] Attachment "large.pdf" exceeds maximum size of 10485760 bytes {"filename":"large.pdf","contentType":null,"size":15728640}
2026-06-16 12:10:23 [Application] error: [AttachmentValidationError] Attachment at index 0: provide either content or path, not both {"filename":"conflict.pdf","contentType":null,"size":null}
2026-06-16 12:10:23 [Application] error: [AttachmentValidationError] Attachment at index 0: filename, content, or path is required {"filename":null,"contentType":null,"size":null}
2026-06-16 12:10:23 [Application] info: [email:attachments] Virus scan hook cleared
2026-06-16 12:10:23 [Application] info: [email:attachments] Virus scan hook cleared
2026-06-16 12:10:23 [Application] info: [email:attachments] Virus scan hook registered
2026-06-16 12:10:23 [Application] info: [email:attachments] Virus scan hook cleared
2026-06-16 12:10:23 [Application] info: [email:attachments] Virus scan hook registered
2026-06-16 12:10:23 [Application] error: [AttachmentValidationError] Attachment "bad.pdf" failed virus scan: Trojan detected {"filename":"bad.pdf","contentType":"application/pdf","size":null}
2026-06-16 12:10:23 [Application] info: [email:attachments] Virus scan hook cleared
2026-06-16 12:10:23 [Application] info: [email:attachments] Virus scan hook registered
2026-06-16 12:10:23 [Application] error: [email:attachments] Virus scan error {"filename":"doc.pdf","error":"Scan service down"}
2026-06-16 12:10:23 [Application] error: [AttachmentValidationError] Virus scan failed for "doc.pdf": Scan service down {"filename":"doc.pdf","contentType":null,"size":null}
2026-06-16 12:10:23 [Application] info: [email:attachments] Virus scan hook cleared
2026-06-16 12:10:23 [Application] info: [email:attachments] Virus scan hook cleared
2026-06-16 12:10:23 [Application] info: [email:attachments] Virus scan hook registered
2026-06-16 12:10:24 [Application] info: [circuitBreaker:test] Transitioning OPEN -> HALF_OPEN
2026-06-16 12:10:24 [Application] info: [circuitBreaker:test] Transitioning HALF_OPEN -> CLOSED (success)
2026-06-16 12:10:24 [Application] warn: [circuitBreaker:test] Failure threshold reached (3/3), transitioning CLOSED -> OPEN
2026-06-16 12:10:24 [Application] info: [circuitBreaker:test] Transitioning OPEN -> HALF_OPEN
2026-06-16 12:10:24 [Application] debug: [email:smtp] Sending email {"to":["recipient@example.com"],"subject":"Test Subject","hasHtml":true,"hasText":true,"hasAttachments":false,"attempt":2}
2026-06-16 12:10:24 [Application] warn: [circuitBreaker:test] HALF_OPEN attempt failed, returning to OPEN
2026-06-16 12:10:24 [Application] info: [circuitBreaker:test] Reset to CLOSED
2026-06-16 12:10:24 [Application] info: [email:smtp] Sent successfully {"to":["recipient@example.com"],"subject":"Test Subject","messageId":"msg-retry","response":"250 OK","attempt":2}
2026-06-16 12:10:24 [Application] info: [retry] SMTP email to recipient@example.com succeeded on attempt 2/3
2026-06-16 12:10:24 [Application] info: [email:smtp] Creating SMTP transport with connection pooling {"host":"smtp.example.com","port":587,"pool":true}
2026-06-16 12:10:24 [Application] debug: [email:smtp] Sending email {"to":["recipient@example.com"],"subject":"Test Subject","hasHtml":true,"hasText":true,"hasAttachments":false,"attempt":1}
2026-06-16 12:10:24 [Application] warn: [retry] SMTP email to recipient@example.com failed (attempt 1/3), retrying in 1025ms {"attempt":1,"maxAttempts":3,"delay":1025,"error":"Service unavailable","transient":true}
2026-06-16 12:10:24 [Application] info: [retry] email send succeeded on attempt 2/3
2026-06-16 12:10:24 [Application] warn: [retry] email send failed (attempt 1/2), retrying in 1072ms {"attempt":1,"maxAttempts":2,"delay":1072,"error":"down","transient":true}
2026-06-16 12:10:24 [Application] debug: [email:ses] Sending email {"to":["recipient@example.com"],"subject":"Test Subject","hasHtml":true,"hasText":true,"attempt":2}
2026-06-16 12:10:24 [Application] error: [TemplateValidationError] Template "test" has missing placeholders: code {"templateName":"test","missingPlaceholders":["code"],"extraVariables":[]}
2026-06-16 12:10:24 [Application] error: [TemplateValidationError] Template "test" has missing placeholders: email {"templateName":"test","missingPlaceholders":["email"],"extraVariables":[]}
2026-06-16 12:10:24 [Application] error: [TemplateValidationError] Template "test" received unused variables: extra {"templateName":"test","missingPlaceholders":[],"extraVariables":["extra"]}
2026-06-16 12:10:24 [Application] error: [TemplateValidationError] Template must be a string {"templateName":"unknown","missingPlaceholders":[],"extraVariables":[]}
2026-06-16 12:10:24 [Application] error: [TemplateValidationError] Variables must be an object {"templateName":"unknown","missingPlaceholders":[],"extraVariables":[]}
2026-06-16 12:10:24 [Application] error: [TemplateValidationError] Template "test" has missing placeholders: name {"templateName":"test","missingPlaceholders":["name"],"extraVariables":[]}
2026-06-16 12:10:24 [Application] error: [TemplateValidationError] Template "unknown" has missing placeholders: name {"templateName":"unknown","missingPlaceholders":["name"],"extraVariables":[]}
2026-06-16 12:10:24 [Application] error: [TemplateValidationError] Template "html-template" has missing placeholders: code {"templateName":"html-template","missingPlaceholders":["code"],"extraVariables":[]}
2026-06-16 12:10:24 [Application] info: [email:ses] Sent successfully {"to":["recipient@example.com"],"subject":"Test Subject","messageId":"msg-retry","attempt":2}
2026-06-16 12:10:24 [Application] info: [retry] SES email to recipient@example.com succeeded on attempt 2/3
2026-06-16 12:10:24 [Application] info: [email:ses] Creating SES client {"region":"ap-south-1","hasCredentials":true,"useDefaultCredentialChain":false}
2026-06-16 12:10:24 [Application] debug: [email:ses] Sending email {"to":["recipient@example.com"],"subject":"Test Subject","hasHtml":true,"hasText":true,"attempt":1}
2026-06-16 12:10:24 [Application] warn: [retry] SES email to recipient@example.com failed (attempt 1/3), retrying in 1076ms {"attempt":1,"maxAttempts":3,"delay":1076,"error":"Service unavailable","transient":true}
2026-06-16 12:10:24 [Application] warn: [rateLimiter:email-rate-limiter] Rate limit exceeded {"maxPerWindow":1,"windowMs":60000}
2026-06-16 12:10:24 [Application] error: [EmailDeliveryError] EMAIL_THROTTLING_ERROR: Rate limit exceeded: maximum 1 emails per 60s {"code":"EMAIL_THROTTLING_ERROR","recipient":null,"subject":null}
2026-06-16 12:10:24 [Application] warn: [rateLimiter:email-rate-limiter] Rate limit exceeded {"maxPerWindow":1,"windowMs":60000}
2026-06-16 12:10:24 [Application] error: [EmailDeliveryError] EMAIL_THROTTLING_ERROR: Rate limit exceeded: maximum 1 emails per 60s {"code":"EMAIL_THROTTLING_ERROR","recipient":null,"subject":null}
2026-06-16 12:10:24 [Application] info: [email:sandbox] SES quota check complete {"sandbox":true,"maxSendRate":1,"max24HourSend":200}
2026-06-16 12:10:24 [Application] info: [email:sandbox] SES quota check complete {"sandbox":false,"maxSendRate":14,"max24HourSend":50000}
2026-06-16 12:10:24 [Application] warn: [email:sandbox] Could not check SES quota {"error":"AccessDenied"}
2026-06-16 12:10:24 [Application] error: [EmailDeliveryError] EMAIL_DELIVERY_ERROR: Something went wrong {"code":"EMAIL_DELIVERY_ERROR","recipient":null,"subject":null}
2026-06-16 12:10:24 [Application] error: [EmailDeliveryError] EMAIL_CONFIG_ERROR: Config error {"code":"EMAIL_CONFIG_ERROR","recipient":null,"subject":null}
2026-06-16 12:10:24 [Application] error: [EmailDeliveryError] EMAIL_DELIVERY_ERROR: Wrapped {"code":"EMAIL_DELIVERY_ERROR","recipient":null,"subject":null}
2026-06-16 12:10:24 [Application] error: [EmailDeliveryError] EMAIL_DELIVERY_ERROR: Failed {"code":"EMAIL_DELIVERY_ERROR","recipient":"u**r@example.com","subject":"Test"}
2026-06-16 12:10:24 [Application] error: [EmailDeliveryError] EMAIL_DELIVERY_ERROR: Test {"code":"EMAIL_DELIVERY_ERROR","recipient":"j*****e@example.com","subject":null}
2026-06-16 12:10:24 [Application] error: [EmailDeliveryError] EMAIL_TEST_ERROR: Error message {"code":"EMAIL_TEST_ERROR","recipient":null,"subject":null}
2026-06-16 12:10:25 [Application] debug: [email:smtp] Sending email {"to":["recipient@example.com"],"subject":"Test Subject","hasHtml":true,"hasText":true,"hasAttachments":false,"attempt":2}
2026-06-16 12:10:25 [Application] warn: [retry] SMTP email to recipient@example.com failed (attempt 2/3), retrying in 2018ms {"attempt":2,"maxAttempts":3,"delay":2018,"error":"Service unavailable","transient":true}
2026-06-16 12:10:25 [Application] error: [retry] email send exhausted all 2 attempts {"attempts":2,"error":"down"}
2026-06-16 12:10:25 [Application] warn: [retry] email send failed with non-transient error (attempt 1/3), not retrying {"attempt":1,"maxAttempts":3,"error":"bad request","code":"InvalidInput"}
2026-06-16 12:10:25 [Application] debug: [email:ses] Sending email {"to":["recipient@example.com"],"subject":"Test Subject","hasHtml":true,"hasText":true,"attempt":2}
2026-06-16 12:10:25 [Application] info: [email:ses] Sent successfully {"to":["recipient@example.com"],"subject":"Test Subject","messageId":"msg-5xx-retry","attempt":2}
2026-06-16 12:10:25 [Application] info: [retry] SES email to recipient@example.com succeeded on attempt 2/3
2026-06-16 12:10:25 [Application] info: [email:ses] Creating SES client {"region":"ap-south-1","hasCredentials":true,"useDefaultCredentialChain":false}
2026-06-16 12:10:25 [Application] debug: [email:ses] Sending email {"to":["recipient@example.com"],"subject":"Test Subject","hasHtml":true,"hasText":true,"attempt":1}
2026-06-16 12:10:25 [Application] warn: [retry] SES email to recipient@example.com failed (attempt 1/3), retrying in 1059ms {"attempt":1,"maxAttempts":3,"delay":1059,"error":"Rate exceeded","transient":true}
2026-06-16 12:10:26 [Application] debug: [email:ses] Sending email {"to":["recipient@example.com"],"subject":"Test Subject","hasHtml":true,"hasText":true,"attempt":2}
2026-06-16 12:10:26 [Application] warn: [retry] SES email to recipient@example.com failed (attempt 2/3), retrying in 2072ms {"attempt":2,"maxAttempts":3,"delay":2072,"error":"Rate exceeded","transient":true}
2026-06-16 12:10:27 [Application] debug: [email:smtp] Sending email {"to":["recipient@example.com"],"subject":"Test Subject","hasHtml":true,"hasText":true,"hasAttachments":false,"attempt":3}
2026-06-16 12:10:27 [Application] error: [retry] SMTP email to recipient@example.com exhausted all 3 attempts {"attempts":3,"error":"Service unavailable"}
2026-06-16 12:10:27 [Application] error: [EmailDeliveryError] EMAIL_TRANSPORT_ERROR: SMTP send failed after retries: Service unavailable {"code":"EMAIL_TRANSPORT_ERROR","recipient":"r*******t@example.com","subject":"Test Subject"}
2026-06-16 12:10:27 [Application] info: [email:smtp] Creating SMTP transport with connection pooling {"host":"smtp.example.com","port":587,"pool":true}
2026-06-16 12:10:27 [Application] debug: [email:smtp] Sending email {"to":["invalid"],"subject":"Test Subject","hasHtml":true,"hasText":true,"hasAttachments":false,"attempt":1}
2026-06-16 12:10:27 [Application] warn: [retry] SMTP email to invalid failed with non-transient error (attempt 1/3), not retrying {"attempt":1,"maxAttempts":3,"error":"Invalid email address","code":"InvalidAddress"}
2026-06-16 12:10:27 [Application] error: [EmailDeliveryError] EMAIL_TRANSPORT_ERROR: SMTP send failed after retries: Invalid email address {"code":"EMAIL_TRANSPORT_ERROR","recipient":"invalid","subject":"Test Subject"}
2026-06-16 12:10:27 [Application] error: [EmailDeliveryError] EMAIL_VALIDATION_ERROR: Recipient (to) and subject are required {"code":"EMAIL_VALIDATION_ERROR","recipient":null,"subject":"Test"}
2026-06-16 12:10:27 [Application] error: [EmailDeliveryError] EMAIL_VALIDATION_ERROR: Recipient (to) and subject are required {"code":"EMAIL_VALIDATION_ERROR","recipient":null,"subject":"Test"}
2026-06-16 12:10:27 [Application] error: [EmailDeliveryError] EMAIL_VALIDATION_ERROR: Recipient (to) and subject are required {"code":"EMAIL_VALIDATION_ERROR","recipient":"u**r@example.com","subject":null}
2026-06-16 12:10:27 [Application] info: [email:smtp] Creating SMTP transport with connection pooling {"host":"smtp.example.com","port":587,"pool":true}
2026-06-16 12:10:27 [Application] info: [email:smtp] Connection verified successfully
2026-06-16 12:10:27 [Application] info: [email:smtp] Creating SMTP transport with connection pooling {"host":"smtp.example.com","port":587,"pool":true}
2026-06-16 12:10:27 [Application] error: [email:smtp] Connection verification failed {"error":"Connection failed"}
2026-06-16 12:10:27 [Application] error: [EmailDeliveryError] EMAIL_TRANSPORT_ERROR: SMTP connection verification failed: Connection failed {"code":"EMAIL_TRANSPORT_ERROR","recipient":null,"subject":null}
2026-06-16 12:10:27 [Application] info: [email:smtp] Creating SMTP transport with connection pooling {"host":"smtp.example.com","port":587,"pool":true}
2026-06-16 12:10:27 [Application] info: [email:smtp] Transport closed
2026-06-16 12:10:28 [Application] debug: [email:ses] Sending email {"to":["recipient@example.com"],"subject":"Test Subject","hasHtml":true,"hasText":true,"attempt":3}
2026-06-16 12:10:28 [Application] error: [retry] SES email to recipient@example.com exhausted all 3 attempts {"attempts":3,"error":"Rate exceeded"}
2026-06-16 12:10:28 [Application] error: [EmailDeliveryError] EMAIL_TRANSPORT_ERROR: SES send failed after retries: Rate exceeded {"code":"EMAIL_TRANSPORT_ERROR","recipient":"r*******t@example.com","subject":"Test Subject"}
2026-06-16 12:10:28 [Application] info: [email:ses] Creating SES client {"region":"ap-south-1","hasCredentials":true,"useDefaultCredentialChain":false}
2026-06-16 12:10:28 [Application] debug: [email:ses] Sending email {"to":["recipient@example.com"],"subject":"Test Subject","hasHtml":true,"hasText":true,"attempt":1}
2026-06-16 12:10:28 [Application] warn: [retry] SES email to recipient@example.com failed with non-transient error (attempt 1/3), not retrying {"attempt":1,"maxAttempts":3,"error":"Email address is not verified","code":"MessageRejected"}
2026-06-16 12:10:28 [Application] error: [EmailDeliveryError] EMAIL_TRANSPORT_ERROR: SES send failed after retries: Email address is not verified {"code":"EMAIL_TRANSPORT_ERROR","recipient":"r*******t@example.com","subject":"Test Subject"}
2026-06-16 12:10:28 [Application] error: [EmailDeliveryError] EMAIL_VALIDATION_ERROR: Recipient (to) and subject are required {"code":"EMAIL_VALIDATION_ERROR","recipient":null,"subject":"Test"}
2026-06-16 12:10:28 [Application] error: [EmailDeliveryError] EMAIL_VALIDATION_ERROR: Recipient (to) and subject are required {"code":"EMAIL_VALIDATION_ERROR","recipient":"u**r@example.com","subject":null}
2026-06-16 12:10:28 [Application] info: [email:ses] Creating SES client {"region":"ap-south-1","hasCredentials":true,"useDefaultCredentialChain":false}
2026-06-16 12:10:28 [Application] error: [EmailDeliveryError] EMAIL_VALIDATION_ERROR: Email body (html or text) is required {"code":"EMAIL_VALIDATION_ERROR","recipient":"u**r@example.com","subject":null}
2026-06-16 12:10:28 [Application] info: [email:ses] Creating SES client {"region":"ap-south-1","hasCredentials":true,"useDefaultCredentialChain":false}
2026-06-16 12:10:28 [Application] debug: [email:ses] Sending email {"to":["a@example.com","b@example.com"],"subject":"Multiple","hasHtml":true,"hasText":false,"attempt":1}
2026-06-16 12:10:28 [Application] info: [email:ses] Sent successfully {"to":["a@example.com","b@example.com"],"subject":"Multiple","messageId":"msg-multi","attempt":1}
2026-06-16 12:10:28 [Application] info: [email:ses] Creating SES client {"region":"ap-south-1","hasCredentials":true,"useDefaultCredentialChain":false}
2026-06-16 12:10:28 [Application] info: [email:ses] SES client destroyed
2026-06-16 12:11:10 [Application] info: [email:queue] Queue closed
2026-06-16 12:11:10 [Application] warn: [email:queue] bullmq is not installed. Install it with: npm install bullmq
2026-06-16 12:11:10 [Application] info: [email:queue] Falling back to immediate delivery
2026-06-16 12:11:10 [Application] info: [email:queue] Queue closed
2026-06-16 12:11:19 [Application] error: [EmailDeliveryError] EMAIL_CONFIG_ERROR: SMTP configuration is incomplete. Set SMTP_HOST, SMTP_USER, and SMTP_PASS environment variables. {"code":"EMAIL_CONFIG_ERROR","recipient":null,"subject":null}
2026-06-16 12:11:20 [Application] error: [EmailDeliveryError] EMAIL_CONFIG_ERROR: SMTP configuration is incomplete. Set SMTP_HOST, SMTP_USER, and SMTP_PASS environment variables. {"code":"EMAIL_CONFIG_ERROR","recipient":null,"subject":null}
2026-06-16 12:11:20 [Application] info: [email:smtp] Creating SMTP transport with connection pooling {"host":"smtp.example.com","port":587,"pool":true}
2026-06-16 12:11:20 [Application] debug: [email:smtp] Sending email {"to":["recipient@example.com"],"subject":"Test Subject","hasHtml":true,"hasText":true,"hasAttachments":false,"attempt":1}
2026-06-16 12:11:20 [Application] info: [email:smtp] Sent successfully {"to":["recipient@example.com"],"subject":"Test Subject","messageId":"test-message-id","response":"250 OK","attempt":1}
2026-06-16 12:11:20 [Application] info: [email:smtp] Creating SMTP transport with connection pooling {"host":"smtp.example.com","port":587,"pool":true}
2026-06-16 12:11:20 [Application] debug: [email:smtp] Sending email {"to":["user@example.com"],"subject":"Plain text","hasHtml":false,"hasText":true,"hasAttachments":false,"attempt":1}
2026-06-16 12:11:20 [Application] info: [email:smtp] Sent successfully {"to":["user@example.com"],"subject":"Plain text","messageId":"msg-1","response":"250 OK","attempt":1}
2026-06-16 12:11:20 [Application] info: [email:smtp] Creating SMTP transport with connection pooling {"host":"smtp.example.com","port":587,"pool":true}
2026-06-16 12:11:20 [Application] debug: [email:smtp] Sending email {"to":["recipient@example.com"],"subject":"Test Subject","hasHtml":true,"hasText":true,"hasAttachments":true,"attempt":1}
2026-06-16 12:11:20 [Application] info: [email:smtp] Sent successfully {"to":["recipient@example.com"],"subject":"Test Subject","messageId":"msg-2","response":"250 OK","attempt":1}
2026-06-16 12:11:20 [Application] info: [email:smtp] Creating SMTP transport with connection pooling {"host":"smtp.example.com","port":587,"pool":true}
2026-06-16 12:11:20 [Application] debug: [email:smtp] Sending email {"to":["recipient@example.com"],"subject":"Test Subject","hasHtml":true,"hasText":true,"hasAttachments":false,"attempt":1}
2026-06-16 12:11:20 [Application] warn: [retry] SMTP email to recipient@example.com failed (attempt 1/3), retrying in 1033ms {"attempt":1,"maxAttempts":3,"delay":1033,"error":"Timeout","transient":true}
2026-06-16 12:11:20 [Application] warn: [circuitBreaker:test] Failure threshold reached (3/3), transitioning CLOSED -> OPEN
2026-06-16 12:11:20 [Application] warn: [circuitBreaker:test] Failure threshold reached (3/3), transitioning CLOSED -> OPEN
2026-06-16 12:11:20 [Application] warn: [circuitBreaker:test] Circuit is OPEN, rejecting call
2026-06-16 12:11:20 [Application] warn: [circuitBreaker:test] Failure threshold reached (3/3), transitioning CLOSED -> OPEN
2026-06-16 12:11:20 [Application] warn: [retry] email send failed (attempt 1/3), retrying in 1036ms {"attempt":1,"maxAttempts":3,"delay":1036,"error":"timeout","transient":true}
2026-06-16 12:11:20 [Application] error: [EmailDeliveryError] EMAIL_CONFIG_ERROR: AWS region is not configured. Set AWS_REGION environment variable. {"code":"EMAIL_CONFIG_ERROR","recipient":null,"subject":null}
2026-06-16 12:11:20 [Application] error: [EmailDeliveryError] EMAIL_CONFIG_ERROR: AWS region is not configured. Set AWS_REGION environment variable. {"code":"EMAIL_CONFIG_ERROR","recipient":null,"subject":null}
2026-06-16 12:11:20 [Application] error: [EmailDeliveryError] EMAIL_CONFIG_ERROR: Sender email (EMAIL_FROM) is not configured. {"code":"EMAIL_CONFIG_ERROR","recipient":null,"subject":null}
2026-06-16 12:11:20 [Application] error: [EmailDeliveryError] EMAIL_CONFIG_ERROR: Sender email (EMAIL_FROM) is not configured. {"code":"EMAIL_CONFIG_ERROR","recipient":null,"subject":null}
2026-06-16 12:11:20 [Application] info: [email:ses] Creating SES client {"region":"ap-south-1","hasCredentials":true,"useDefaultCredentialChain":false}
2026-06-16 12:11:20 [Application] debug: [email:ses] Sending email {"to":["recipient@example.com"],"subject":"Test Subject","hasHtml":true,"hasText":true,"attempt":1}
2026-06-16 12:11:20 [Application] info: [email:ses] Sent successfully {"to":["recipient@example.com"],"subject":"Test Subject","messageId":"aws-msg-12345","attempt":1}
2026-06-16 12:11:20 [Application] info: [email:ses] Creating SES client {"region":"ap-south-1","hasCredentials":true,"useDefaultCredentialChain":false}
2026-06-16 12:11:20 [Application] debug: [email:ses] Sending email {"to":["user@example.com"],"subject":"Plain text","hasHtml":false,"hasText":true,"attempt":1}
2026-06-16 12:11:20 [Application] info: [email:ses] Sent successfully {"to":["user@example.com"],"subject":"Plain text","messageId":"msg-2","attempt":1}
2026-06-16 12:11:20 [Application] info: [email:ses] Creating SES client {"region":"ap-south-1","hasCredentials":true,"useDefaultCredentialChain":false}
2026-06-16 12:11:20 [Application] debug: [email:ses] Sending email {"to":["recipient@example.com"],"subject":"Test Subject","hasHtml":true,"hasText":true,"attempt":1}
2026-06-16 12:11:20 [Application] warn: [retry] SES email to recipient@example.com failed (attempt 1/3), retrying in 1077ms {"attempt":1,"maxAttempts":3,"delay":1077,"error":"Rate exceeded","transient":true}
2026-06-16 12:11:20 [Application] info: [circuitBreaker:test] Transitioning OPEN -> HALF_OPEN
2026-06-16 12:11:20 [Application] info: [circuitBreaker:test] Transitioning HALF_OPEN -> CLOSED (success)
2026-06-16 12:11:20 [Application] warn: [circuitBreaker:test] Failure threshold reached (3/3), transitioning CLOSED -> OPEN
2026-06-16 12:11:20 [Application] info: [email:factory] Creating provider {"environment":"production"}
2026-06-16 12:11:20 [Application] info: [email:factory] Using SES provider (production)
2026-06-16 12:11:20 [Application] info: [email:factory] Creating provider {"environment":"development"}
2026-06-16 12:11:20 [Application] info: [email:factory] Using SMTP provider (development)
2026-06-16 12:11:20 [Application] info: [email:factory] Creating provider {"environment":"test"}
2026-06-16 12:11:20 [Application] info: [email:factory] Using SMTP provider (test)
2026-06-16 12:11:20 [Application] info: [email:factory] Creating provider {"environment":"staging"}
2026-06-16 12:11:20 [Application] info: [email:factory] Using SMTP provider (staging)
2026-06-16 12:11:20 [Application] info: [email:factory] Creating provider {"environment":"unknown"}
2026-06-16 12:11:20 [Application] warn: [email:factory] Unknown environment "unknown", falling back to SMTP
2026-06-16 12:11:20 [Application] info: [email:factory] Creating provider {"environment":"development"}
2026-06-16 12:11:20 [Application] info: [email:factory] Using SMTP provider (development)
2026-06-16 12:11:20 [Application] info: [email:factory] Creating provider {"environment":"production"}
2026-06-16 12:11:20 [Application] info: [email:factory] Using SES provider (production)
2026-06-16 12:11:20 [Application] error: [EmailDeliveryError] EMAIL_CONFIG_ERROR: A valid EmailProvider instance is required {"code":"EMAIL_CONFIG_ERROR","recipient":null,"subject":null}
2026-06-16 12:11:20 [Application] error: [EmailDeliveryError] EMAIL_CONFIG_ERROR: A valid EmailProvider instance is required {"code":"EMAIL_CONFIG_ERROR","recipient":null,"subject":null}
2026-06-16 12:11:20 [Application] info: [email:service] Sending email {"to":["user@example.com"],"subject":"Test","hasHtml":true,"hasText":false,"hasAttachments":false}
2026-06-16 12:11:20 [Application] info: [email:service] Email delivered {"to":["user@example.com"],"subject":"Test","messageId":"msg-1"}
2026-06-16 12:11:20 [Application] error: [EmailDeliveryError] EMAIL_VALIDATION_ERROR: Recipient email (to) is required {"code":"EMAIL_VALIDATION_ERROR","recipient":null,"subject":null}
2026-06-16 12:11:20 [Application] error: [EmailDeliveryError] EMAIL_VALIDATION_ERROR: Email subject is required {"code":"EMAIL_VALIDATION_ERROR","recipient":"u**r@example.com","subject":null}
2026-06-16 12:11:20 [Application] error: [EmailDeliveryError] EMAIL_VALIDATION_ERROR: Email body (html or text) is required {"code":"EMAIL_VALIDATION_ERROR","recipient":"u**r@example.com","subject":null}
2026-06-16 12:11:20 [Application] info: [email:service] Sending email {"to":["user@example.com"],"subject":"Test","hasHtml":true,"hasText":false,"hasAttachments":false}
2026-06-16 12:11:20 [Application] error: [EmailDeliveryError] EMAIL_TRANSPORT_ERROR: Failed to send email: Provider error {"code":"EMAIL_TRANSPORT_ERROR","recipient":"u**r@example.com","subject":"Test"}
2026-06-16 12:11:20 [Application] error: [EmailDeliveryError] EMAIL_CONFIG_ERROR: Bad config {"code":"EMAIL_CONFIG_ERROR","recipient":null,"subject":null}
2026-06-16 12:11:20 [Application] info: [email:service] Sending email {"to":["user@example.com"],"subject":"Test","hasHtml":true,"hasText":false,"hasAttachments":false}
2026-06-16 12:11:20 [Application] info: [email:service] Sending email {"to":["new@example.com"],"subject":"Welcome to Maven CRM QR — your account is ready","hasHtml":true,"hasText":true,"hasAttachments":false}
2026-06-16 12:11:20 [Application] info: [email:service] Email delivered {"to":["new@example.com"],"subject":"Welcome to Maven CRM QR — your account is ready","messageId":"welcome-msg"}
2026-06-16 12:11:20 [Application] info: [email:service] Sending email {"to":["new@example.com"],"subject":"Welcome to Maven CRM QR — your account is ready","hasHtml":true,"hasText":true,"hasAttachments":false}
2026-06-16 12:11:20 [Application] info: [email:service] Email delivered {"to":["new@example.com"],"subject":"Welcome to Maven CRM QR — your account is ready","messageId":"welcome-msg-2"}
2026-06-16 12:11:20 [Application] info: [email:service] Sending email {"to":["user@example.com"],"subject":"Reset your Maven CRM QR password","hasHtml":true,"hasText":true,"hasAttachments":false}
2026-06-16 12:11:20 [Application] info: [email:service] Email delivered {"to":["user@example.com"],"subject":"Reset your Maven CRM QR password","messageId":"reset-msg"}
2026-06-16 12:11:20 [Application] info: [email:service] Sending email {"to":["user@example.com"],"subject":"Reset your Maven CRM QR password","hasHtml":true,"hasText":true,"hasAttachments":false}
2026-06-16 12:11:20 [Application] info: [email:service] Email delivered {"to":["user@example.com"],"subject":"Reset your Maven CRM QR password","messageId":"reset-msg"}
2026-06-16 12:11:20 [Application] info: [email:service] Sending email {"to":["user@example.com"],"subject":"Your OTP code — Maven CRM QR","hasHtml":true,"hasText":true,"hasAttachments":false}
2026-06-16 12:11:20 [Application] info: [email:service] Email delivered {"to":["user@example.com"],"subject":"Your OTP code — Maven CRM QR","messageId":"otp-msg"}
2026-06-16 12:11:20 [Application] info: [email:service] Sending email {"to":["user@example.com"],"subject":"Your OTP code — Maven CRM QR","hasHtml":true,"hasText":true,"hasAttachments":false}
2026-06-16 12:11:20 [Application] info: [email:service] Email delivered {"to":["user@example.com"],"subject":"Your OTP code — Maven CRM QR","messageId":"otp-msg-2"}
2026-06-16 12:11:20 [Application] info: [email:service] Sending email {"to":["candidate@example.com"],"subject":"Application submitted — Software Engineer at Tech Corp","hasHtml":true,"hasText":true,"hasAttachments":false}
2026-06-16 12:11:20 [Application] info: [email:service] Email delivered {"to":["candidate@example.com"],"subject":"Application submitted — Software Engineer at Tech Corp","messageId":"app-msg"}
2026-06-16 12:11:20 [Application] error: [EmailDeliveryError] EMAIL_TRANSPORT_ERROR: Provider does not support connection verification {"code":"EMAIL_TRANSPORT_ERROR","recipient":null,"subject":null}
2026-06-16 12:11:20 [Application] warn: [email:readiness] Identity verification check failed {"error":"AccessDenied"}
2026-06-16 12:11:20 [Application] info: [circuitBreaker:test] Transitioning OPEN -> HALF_OPEN
2026-06-16 12:11:20 [Application] warn: [circuitBreaker:test] HALF_OPEN attempt failed, returning to OPEN
2026-06-16 12:11:20 [Application] info: [circuitBreaker:test] Reset to CLOSED
2026-06-16 12:11:20 [Application] info: [email:queue] Queue closed
2026-06-16 12:11:20 [Application] warn: [email:queue] bullmq is not installed. Install it with: npm install bullmq
2026-06-16 12:11:20 [Application] info: [email:queue] Falling back to immediate delivery
2026-06-16 12:11:20 [Application] info: [email:queue] Queue closed
2026-06-16 12:11:21 [Application] debug: [email:smtp] Sending email {"to":["recipient@example.com"],"subject":"Test Subject","hasHtml":true,"hasText":true,"hasAttachments":false,"attempt":2}
2026-06-16 12:11:21 [Application] error: [TemplateValidationError] Template "test" has missing placeholders: code {"templateName":"test","missingPlaceholders":["code"],"extraVariables":[]}
2026-06-16 12:11:21 [Application] error: [TemplateValidationError] Template "test" has missing placeholders: email {"templateName":"test","missingPlaceholders":["email"],"extraVariables":[]}
2026-06-16 12:11:21 [Application] error: [TemplateValidationError] Template "test" received unused variables: extra {"templateName":"test","missingPlaceholders":[],"extraVariables":["extra"]}
2026-06-16 12:11:21 [Application] error: [TemplateValidationError] Template must be a string {"templateName":"unknown","missingPlaceholders":[],"extraVariables":[]}
2026-06-16 12:11:21 [Application] error: [TemplateValidationError] Variables must be an object {"templateName":"unknown","missingPlaceholders":[],"extraVariables":[]}
2026-06-16 12:11:21 [Application] error: [TemplateValidationError] Template "test" has missing placeholders: name {"templateName":"test","missingPlaceholders":["name"],"extraVariables":[]}
2026-06-16 12:11:21 [Application] error: [TemplateValidationError] Template "unknown" has missing placeholders: name {"templateName":"unknown","missingPlaceholders":["name"],"extraVariables":[]}
2026-06-16 12:11:21 [Application] error: [TemplateValidationError] Template "html-template" has missing placeholders: code {"templateName":"html-template","missingPlaceholders":["code"],"extraVariables":[]}
2026-06-16 12:11:21 [Application] info: [email:smtp] Sent successfully {"to":["recipient@example.com"],"subject":"Test Subject","messageId":"msg-retry","response":"250 OK","attempt":2}
2026-06-16 12:11:21 [Application] info: [retry] SMTP email to recipient@example.com succeeded on attempt 2/3
2026-06-16 12:11:21 [Application] info: [email:smtp] Creating SMTP transport with connection pooling {"host":"smtp.example.com","port":587,"pool":true}
2026-06-16 12:11:21 [Application] debug: [email:smtp] Sending email {"to":["recipient@example.com"],"subject":"Test Subject","hasHtml":true,"hasText":true,"hasAttachments":false,"attempt":1}
2026-06-16 12:11:21 [Application] warn: [retry] SMTP email to recipient@example.com failed (attempt 1/3), retrying in 1078ms {"attempt":1,"maxAttempts":3,"delay":1078,"error":"Service unavailable","transient":true}
2026-06-16 12:11:21 [Application] error: [AttachmentValidationError] Attachment "virus.exe" has disallowed content type: application/x-msdownload {"filename":"virus.exe","contentType":"application/x-msdownload","size":null}
2026-06-16 12:11:21 [Application] error: [AttachmentValidationError] Attachment "large.pdf" exceeds maximum size of 10485760 bytes {"filename":"large.pdf","contentType":null,"size":15728640}
2026-06-16 12:11:21 [Application] error: [AttachmentValidationError] Attachment at index 0: provide either content or path, not both {"filename":"conflict.pdf","contentType":null,"size":null}
2026-06-16 12:11:21 [Application] error: [AttachmentValidationError] Attachment at index 0: filename, content, or path is required {"filename":null,"contentType":null,"size":null}
2026-06-16 12:11:21 [Application] info: [email:attachments] Virus scan hook cleared
2026-06-16 12:11:21 [Application] info: [email:attachments] Virus scan hook cleared
2026-06-16 12:11:21 [Application] info: [email:attachments] Virus scan hook registered
2026-06-16 12:11:21 [Application] info: [email:attachments] Virus scan hook cleared
2026-06-16 12:11:21 [Application] info: [email:attachments] Virus scan hook registered
2026-06-16 12:11:21 [Application] error: [AttachmentValidationError] Attachment "bad.pdf" failed virus scan: Trojan detected {"filename":"bad.pdf","contentType":"application/pdf","size":null}
2026-06-16 12:11:21 [Application] info: [email:attachments] Virus scan hook cleared
2026-06-16 12:11:21 [Application] info: [email:attachments] Virus scan hook registered
2026-06-16 12:11:21 [Application] error: [email:attachments] Virus scan error {"filename":"doc.pdf","error":"Scan service down"}
2026-06-16 12:11:21 [Application] error: [AttachmentValidationError] Virus scan failed for "doc.pdf": Scan service down {"filename":"doc.pdf","contentType":null,"size":null}
2026-06-16 12:11:21 [Application] info: [email:attachments] Virus scan hook cleared
2026-06-16 12:11:21 [Application] info: [email:attachments] Virus scan hook cleared
2026-06-16 12:11:21 [Application] info: [email:attachments] Virus scan hook registered
2026-06-16 12:11:21 [Application] info: [email:sandbox] SES quota check complete {"sandbox":true,"maxSendRate":1,"max24HourSend":200}
2026-06-16 12:11:21 [Application] info: [email:sandbox] SES quota check complete {"sandbox":false,"maxSendRate":14,"max24HourSend":50000}
2026-06-16 12:11:21 [Application] warn: [email:sandbox] Could not check SES quota {"error":"AccessDenied"}
2026-06-16 12:11:21 [Application] info: [retry] email send succeeded on attempt 2/3
2026-06-16 12:11:21 [Application] warn: [retry] email send failed (attempt 1/2), retrying in 1008ms {"attempt":1,"maxAttempts":2,"delay":1008,"error":"down","transient":true}
2026-06-16 12:11:21 [Application] debug: [email:ses] Sending email {"to":["recipient@example.com"],"subject":"Test Subject","hasHtml":true,"hasText":true,"attempt":2}
2026-06-16 12:11:21 [Application] info: [email:ses] Sent successfully {"to":["recipient@example.com"],"subject":"Test Subject","messageId":"msg-retry","attempt":2}
2026-06-16 12:11:21 [Application] info: [retry] SES email to recipient@example.com succeeded on attempt 2/3
2026-06-16 12:11:21 [Application] info: [email:ses] Creating SES client {"region":"ap-south-1","hasCredentials":true,"useDefaultCredentialChain":false}
2026-06-16 12:11:21 [Application] debug: [email:ses] Sending email {"to":["recipient@example.com"],"subject":"Test Subject","hasHtml":true,"hasText":true,"attempt":1}
2026-06-16 12:11:21 [Application] warn: [retry] SES email to recipient@example.com failed (attempt 1/3), retrying in 1076ms {"attempt":1,"maxAttempts":3,"delay":1076,"error":"Service unavailable","transient":true}
2026-06-16 12:11:21 [Application] warn: [rateLimiter:email-rate-limiter] Rate limit exceeded {"maxPerWindow":1,"windowMs":60000}
2026-06-16 12:11:21 [Application] error: [EmailDeliveryError] EMAIL_THROTTLING_ERROR: Rate limit exceeded: maximum 1 emails per 60s {"code":"EMAIL_THROTTLING_ERROR","recipient":null,"subject":null}
2026-06-16 12:11:21 [Application] warn: [rateLimiter:email-rate-limiter] Rate limit exceeded {"maxPerWindow":1,"windowMs":60000}
2026-06-16 12:11:21 [Application] error: [EmailDeliveryError] EMAIL_THROTTLING_ERROR: Rate limit exceeded: maximum 1 emails per 60s {"code":"EMAIL_THROTTLING_ERROR","recipient":null,"subject":null}
2026-06-16 12:11:21 [Application] error: [EmailDeliveryError] EMAIL_DELIVERY_ERROR: Something went wrong {"code":"EMAIL_DELIVERY_ERROR","recipient":null,"subject":null}
2026-06-16 12:11:21 [Application] error: [EmailDeliveryError] EMAIL_CONFIG_ERROR: Config error {"code":"EMAIL_CONFIG_ERROR","recipient":null,"subject":null}
2026-06-16 12:11:21 [Application] error: [EmailDeliveryError] EMAIL_DELIVERY_ERROR: Wrapped {"code":"EMAIL_DELIVERY_ERROR","recipient":null,"subject":null}
2026-06-16 12:11:21 [Application] error: [EmailDeliveryError] EMAIL_DELIVERY_ERROR: Failed {"code":"EMAIL_DELIVERY_ERROR","recipient":"u**r@example.com","subject":"Test"}
2026-06-16 12:11:21 [Application] error: [EmailDeliveryError] EMAIL_DELIVERY_ERROR: Test {"code":"EMAIL_DELIVERY_ERROR","recipient":"j*****e@example.com","subject":null}
2026-06-16 12:11:21 [Application] error: [EmailDeliveryError] EMAIL_TEST_ERROR: Error message {"code":"EMAIL_TEST_ERROR","recipient":null,"subject":null}
2026-06-16 12:11:22 [Application] debug: [email:smtp] Sending email {"to":["recipient@example.com"],"subject":"Test Subject","hasHtml":true,"hasText":true,"hasAttachments":false,"attempt":2}
2026-06-16 12:11:22 [Application] warn: [retry] SMTP email to recipient@example.com failed (attempt 2/3), retrying in 2148ms {"attempt":2,"maxAttempts":3,"delay":2148,"error":"Service unavailable","transient":true}
2026-06-16 12:11:22 [Application] error: [retry] email send exhausted all 2 attempts {"attempts":2,"error":"down"}
2026-06-16 12:11:22 [Application] warn: [retry] email send failed with non-transient error (attempt 1/3), not retrying {"attempt":1,"maxAttempts":3,"error":"bad request","code":"InvalidInput"}
2026-06-16 12:11:22 [Application] debug: [email:ses] Sending email {"to":["recipient@example.com"],"subject":"Test Subject","hasHtml":true,"hasText":true,"attempt":2}
2026-06-16 12:11:22 [Application] info: [email:ses] Sent successfully {"to":["recipient@example.com"],"subject":"Test Subject","messageId":"msg-5xx-retry","attempt":2}
2026-06-16 12:11:22 [Application] info: [retry] SES email to recipient@example.com succeeded on attempt 2/3
2026-06-16 12:11:22 [Application] info: [email:ses] Creating SES client {"region":"ap-south-1","hasCredentials":true,"useDefaultCredentialChain":false}
2026-06-16 12:11:22 [Application] debug: [email:ses] Sending email {"to":["recipient@example.com"],"subject":"Test Subject","hasHtml":true,"hasText":true,"attempt":1}
2026-06-16 12:11:22 [Application] warn: [retry] SES email to recipient@example.com failed (attempt 1/3), retrying in 1017ms {"attempt":1,"maxAttempts":3,"delay":1017,"error":"Rate exceeded","transient":true}
2026-06-16 12:11:23 [Application] debug: [email:ses] Sending email {"to":["recipient@example.com"],"subject":"Test Subject","hasHtml":true,"hasText":true,"attempt":2}
2026-06-16 12:11:23 [Application] warn: [retry] SES email to recipient@example.com failed (attempt 2/3), retrying in 2144ms {"attempt":2,"maxAttempts":3,"delay":2144,"error":"Rate exceeded","transient":true}
2026-06-16 12:11:24 [Application] debug: [email:smtp] Sending email {"to":["recipient@example.com"],"subject":"Test Subject","hasHtml":true,"hasText":true,"hasAttachments":false,"attempt":3}
2026-06-16 12:11:24 [Application] error: [retry] SMTP email to recipient@example.com exhausted all 3 attempts {"attempts":3,"error":"Service unavailable"}
2026-06-16 12:11:24 [Application] error: [EmailDeliveryError] EMAIL_TRANSPORT_ERROR: SMTP send failed after retries: Service unavailable {"code":"EMAIL_TRANSPORT_ERROR","recipient":"r*******t@example.com","subject":"Test Subject"}
2026-06-16 12:11:24 [Application] info: [email:smtp] Creating SMTP transport with connection pooling {"host":"smtp.example.com","port":587,"pool":true}
2026-06-16 12:11:24 [Application] debug: [email:smtp] Sending email {"to":["invalid"],"subject":"Test Subject","hasHtml":true,"hasText":true,"hasAttachments":false,"attempt":1}
2026-06-16 12:11:24 [Application] warn: [retry] SMTP email to invalid failed with non-transient error (attempt 1/3), not retrying {"attempt":1,"maxAttempts":3,"error":"Invalid email address","code":"InvalidAddress"}
2026-06-16 12:11:24 [Application] error: [EmailDeliveryError] EMAIL_TRANSPORT_ERROR: SMTP send failed after retries: Invalid email address {"code":"EMAIL_TRANSPORT_ERROR","recipient":"invalid","subject":"Test Subject"}
2026-06-16 12:11:24 [Application] error: [EmailDeliveryError] EMAIL_VALIDATION_ERROR: Recipient (to) and subject are required {"code":"EMAIL_VALIDATION_ERROR","recipient":null,"subject":"Test"}
2026-06-16 12:11:24 [Application] error: [EmailDeliveryError] EMAIL_VALIDATION_ERROR: Recipient (to) and subject are required {"code":"EMAIL_VALIDATION_ERROR","recipient":null,"subject":"Test"}
2026-06-16 12:11:24 [Application] error: [EmailDeliveryError] EMAIL_VALIDATION_ERROR: Recipient (to) and subject are required {"code":"EMAIL_VALIDATION_ERROR","recipient":"u**r@example.com","subject":null}
2026-06-16 12:11:24 [Application] info: [email:smtp] Creating SMTP transport with connection pooling {"host":"smtp.example.com","port":587,"pool":true}
2026-06-16 12:11:24 [Application] info: [email:smtp] Connection verified successfully
2026-06-16 12:11:24 [Application] info: [email:smtp] Creating SMTP transport with connection pooling {"host":"smtp.example.com","port":587,"pool":true}
2026-06-16 12:11:24 [Application] error: [email:smtp] Connection verification failed {"error":"Connection failed"}
2026-06-16 12:11:24 [Application] error: [EmailDeliveryError] EMAIL_TRANSPORT_ERROR: SMTP connection verification failed: Connection failed {"code":"EMAIL_TRANSPORT_ERROR","recipient":null,"subject":null}
2026-06-16 12:11:24 [Application] info: [email:smtp] Creating SMTP transport with connection pooling {"host":"smtp.example.com","port":587,"pool":true}
2026-06-16 12:11:24 [Application] info: [email:smtp] Transport closed
2026-06-16 12:11:25 [Application] debug: [email:ses] Sending email {"to":["recipient@example.com"],"subject":"Test Subject","hasHtml":true,"hasText":true,"attempt":3}
2026-06-16 12:11:25 [Application] error: [retry] SES email to recipient@example.com exhausted all 3 attempts {"attempts":3,"error":"Rate exceeded"}
2026-06-16 12:11:25 [Application] error: [EmailDeliveryError] EMAIL_TRANSPORT_ERROR: SES send failed after retries: Rate exceeded {"code":"EMAIL_TRANSPORT_ERROR","recipient":"r*******t@example.com","subject":"Test Subject"}
2026-06-16 12:11:25 [Application] info: [email:ses] Creating SES client {"region":"ap-south-1","hasCredentials":true,"useDefaultCredentialChain":false}
2026-06-16 12:11:25 [Application] debug: [email:ses] Sending email {"to":["recipient@example.com"],"subject":"Test Subject","hasHtml":true,"hasText":true,"attempt":1}
2026-06-16 12:11:25 [Application] warn: [retry] SES email to recipient@example.com failed with non-transient error (attempt 1/3), not retrying {"attempt":1,"maxAttempts":3,"error":"Email address is not verified","code":"MessageRejected"}
2026-06-16 12:11:25 [Application] error: [EmailDeliveryError] EMAIL_TRANSPORT_ERROR: SES send failed after retries: Email address is not verified {"code":"EMAIL_TRANSPORT_ERROR","recipient":"r*******t@example.com","subject":"Test Subject"}
2026-06-16 12:11:25 [Application] error: [EmailDeliveryError] EMAIL_VALIDATION_ERROR: Recipient (to) and subject are required {"code":"EMAIL_VALIDATION_ERROR","recipient":null,"subject":"Test"}
2026-06-16 12:11:25 [Application] error: [EmailDeliveryError] EMAIL_VALIDATION_ERROR: Recipient (to) and subject are required {"code":"EMAIL_VALIDATION_ERROR","recipient":"u**r@example.com","subject":null}
2026-06-16 12:11:25 [Application] info: [email:ses] Creating SES client {"region":"ap-south-1","hasCredentials":true,"useDefaultCredentialChain":false}
2026-06-16 12:11:25 [Application] error: [EmailDeliveryError] EMAIL_VALIDATION_ERROR: Email body (html or text) is required {"code":"EMAIL_VALIDATION_ERROR","recipient":"u**r@example.com","subject":null}
2026-06-16 12:11:25 [Application] info: [email:ses] Creating SES client {"region":"ap-south-1","hasCredentials":true,"useDefaultCredentialChain":false}
2026-06-16 12:11:25 [Application] debug: [email:ses] Sending email {"to":["a@example.com","b@example.com"],"subject":"Multiple","hasHtml":true,"hasText":false,"attempt":1}
2026-06-16 12:11:25 [Application] info: [email:ses] Sent successfully {"to":["a@example.com","b@example.com"],"subject":"Multiple","messageId":"msg-multi","attempt":1}
2026-06-16 12:11:25 [Application] info: [email:ses] Creating SES client {"region":"ap-south-1","hasCredentials":true,"useDefaultCredentialChain":false}
2026-06-16 12:11:25 [Application] info: [email:ses] SES client destroyed
2026-06-16 12:16:04 [Application] info: [email:factory] Creating provider {"environment":"development"}
2026-06-16 12:16:04 [Application] info: [email:factory] Using SMTP provider (development)
2026-06-16 12:16:04 [Application] error: [EmailDeliveryError] EMAIL_CONFIG_ERROR: SMTP configuration is incomplete. Set SMTP_HOST, SMTP_USER, and SMTP_PASS environment variables. {"code":"EMAIL_CONFIG_ERROR","recipient":null,"subject":null}
2026-06-16 12:21:32 [Maven CRM QR] info: [email:factory] Creating provider {"environment":"development"}
2026-06-16 12:21:32 [Maven CRM QR] info: [email:factory] Using SMTP provider (development)
2026-06-16 12:21:32 [Maven CRM QR] info: [email:smtp] Creating SMTP transport with connection pooling {"host":"email-smtp.ap-south-1.amazonaws.com","port":587,"pool":true}
2026-06-16 12:21:34 [Maven CRM QR] info: [email:smtp] Connection verified successfully
2026-06-16 12:22:00 [Maven CRM QR] info: [email:factory] Creating provider {"environment":"development"}
2026-06-16 12:22:00 [Maven CRM QR] info: [email:factory] Using SMTP provider (development)
2026-06-16 12:22:00 [Maven CRM QR] info: [email:smtp] Creating SMTP transport with connection pooling {"host":"email-smtp.ap-south-1.amazonaws.com","port":587,"pool":true}
2026-06-16 12:22:01 [Maven CRM QR] info: [email:smtp] Connection verified successfully
2026-06-16 12:27:02 [Maven CRM QR] info: [email:service] Sending email {"to":["developer.mavenjobs01@gmail.com"],"subject":"AWS SES SMTP End-to-End Test","hasHtml":true,"hasText":true,"hasAttachments":false}
2026-06-16 12:27:02 [Maven CRM QR] debug: [email:smtp] Sending email {"to":["developer.mavenjobs01@gmail.com"],"subject":"AWS SES SMTP End-to-End Test","hasHtml":true,"hasText":true,"hasAttachments":false,"attempt":1}
2026-06-16 12:27:03 [Maven CRM QR] warn: [retry] SMTP email to developer.mavenjobs01@gmail.com failed with non-transient error (attempt 1/3), not retrying {"attempt":1,"maxAttempts":3,"error":"Mail command failed: 501 Invalid MAIL FROM address provided","code":"EENVELOPE"}
2026-06-16 12:27:03 [Maven CRM QR] error: [EmailDeliveryError] EMAIL_TRANSPORT_ERROR: SMTP send failed after retries: Mail command failed: 501 Invalid MAIL FROM address provided {"code":"EMAIL_TRANSPORT_ERROR","recipient":"d*******************1@gmail.com","subject":"AWS SES SMTP End-to-End Test"}
2026-06-16 12:29:16 [Maven CRM QR] info: [email:service] Sending email {"to":["ashish2kathait@gmail.com"],"subject":"AWS SES SMTP End-to-End Test","hasHtml":true,"hasText":true,"hasAttachments":false}
2026-06-16 12:29:16 [Maven CRM QR] debug: [email:smtp] Sending email {"to":["ashish2kathait@gmail.com"],"subject":"AWS SES SMTP End-to-End Test","hasHtml":true,"hasText":true,"hasAttachments":false,"attempt":1}
2026-06-16 12:29:18 [Maven CRM QR] warn: [retry] SMTP email to ashish2kathait@gmail.com failed with non-transient error (attempt 1/3), not retrying {"attempt":1,"maxAttempts":3,"error":"Mail command failed: 501 Invalid MAIL FROM address provided","code":"EENVELOPE"}
2026-06-16 12:29:18 [Maven CRM QR] error: [EmailDeliveryError] EMAIL_TRANSPORT_ERROR: SMTP send failed after retries: Mail command failed: 501 Invalid MAIL FROM address provided {"code":"EMAIL_TRANSPORT_ERROR","recipient":"a************t@gmail.com","subject":"AWS SES SMTP End-to-End Test"}
2026-06-16 12:29:33 [Maven CRM QR] info: [email:service] Sending email {"to":["developer.mavenjobs01@gmail.com"],"subject":"AWS SES SMTP End-to-End Test","hasHtml":true,"hasText":true,"hasAttachments":false}
2026-06-16 12:29:33 [Maven CRM QR] debug: [email:smtp] Sending email {"to":["developer.mavenjobs01@gmail.com"],"subject":"AWS SES SMTP End-to-End Test","hasHtml":true,"hasText":true,"hasAttachments":false,"attempt":1}
2026-06-16 12:29:34 [Maven CRM QR] warn: [retry] SMTP email to developer.mavenjobs01@gmail.com failed with non-transient error (attempt 1/3), not retrying {"attempt":1,"maxAttempts":3,"error":"Mail command failed: 501 Invalid MAIL FROM address provided","code":"EENVELOPE"}
2026-06-16 12:29:34 [Maven CRM QR] error: [EmailDeliveryError] EMAIL_TRANSPORT_ERROR: SMTP send failed after retries: Mail command failed: 501 Invalid MAIL FROM address provided {"code":"EMAIL_TRANSPORT_ERROR","recipient":"d*******************1@gmail.com","subject":"AWS SES SMTP End-to-End Test"}
2026-06-16 12:29:44 [Maven CRM QR] info: SIGINT received. Shutting down gracefully...
2026-06-16 12:30:15 [Maven CRM QR] info: [email:factory] Creating provider {"environment":"development"}
2026-06-16 12:30:15 [Maven CRM QR] info: [email:factory] Using SMTP provider (development)
2026-06-16 12:30:15 [Maven CRM QR] info: [email:service] Sending email {"to":["developer.mavenjobs01@gmail.com"],"subject":"AWS SES SMTP End-to-End Test","hasHtml":true,"hasText":true,"hasAttachments":false}
2026-06-16 12:30:15 [Maven CRM QR] info: [email:smtp] Creating SMTP transport with connection pooling {"host":"email-smtp.ap-south-1.amazonaws.com","port":587,"pool":true}
2026-06-16 12:30:15 [Maven CRM QR] debug: [email:smtp] Sending email {"to":["developer.mavenjobs01@gmail.com"],"subject":"AWS SES SMTP End-to-End Test","hasHtml":true,"hasText":true,"hasAttachments":false,"attempt":1}
2026-06-16 12:30:19 [Maven CRM QR] info: [email:smtp] Sent successfully {"to":["developer.mavenjobs01@gmail.com"],"subject":"AWS SES SMTP End-to-End Test","messageId":"<cfa7859d-bfd6-2284-6a1c-fe1b57549a57@gmail.com>","response":"250 Ok 0109019ecf3b2861-8515d865-e4b8-4754-a948-51008ee36b0b-000000","attempt":1}
2026-06-16 12:30:19 [Maven CRM QR] info: [email:service] Email delivered {"to":["developer.mavenjobs01@gmail.com"],"subject":"AWS SES SMTP End-to-End Test","messageId":"<cfa7859d-bfd6-2284-6a1c-fe1b57549a57@gmail.com>"}
2026-06-16 12:31:59 [Maven CRM QR] info: [email:service] Sending email {"to":["ashish2kathait@gmail.com"],"subject":"SES Test","hasHtml":false,"hasText":true,"hasAttachments":false}
2026-06-16 12:31:59 [Maven CRM QR] debug: [email:smtp] Sending email {"to":["ashish2kathait@gmail.com"],"subject":"SES Test","hasHtml":false,"hasText":true,"hasAttachments":false,"attempt":1}
2026-06-16 12:32:02 [Maven CRM QR] warn: [retry] SMTP email to ashish2kathait@gmail.com failed with non-transient error (attempt 1/3), not retrying {"attempt":1,"maxAttempts":3,"error":"Message failed: 554 Message rejected: Email address is not verified. The following identities failed the check in region AP-SOUTH-1: ashish2kathait@gmail.com","code":"EMESSAGE"}
2026-06-16 12:32:02 [Maven CRM QR] error: [EmailDeliveryError] EMAIL_TRANSPORT_ERROR: SMTP send failed after retries: Message failed: 554 Message rejected: Email address is not verified. The following identities failed the check in region AP-SOUTH-1: ashish2kathait@gmail.com {"code":"EMAIL_TRANSPORT_ERROR","recipient":"a************t@gmail.com","subject":"SES Test"}
2026-06-16 12:42:25 [Maven CRM QR] info: [email:service] Sending email {"to":["ashish2kathait@gmail.com"],"subject":"SES Test","hasHtml":false,"hasText":true,"hasAttachments":false}
2026-06-16 12:42:25 [Maven CRM QR] debug: [email:smtp] Sending email {"to":["ashish2kathait@gmail.com"],"subject":"SES Test","hasHtml":false,"hasText":true,"hasAttachments":false,"attempt":1}
2026-06-16 12:42:29 [Maven CRM QR] info: [email:smtp] Sent successfully {"to":["ashish2kathait@gmail.com"],"subject":"SES Test","messageId":"<74721319-96af-36a8-0c0b-5f0d838746cc@gmail.com>","response":"250 Ok 0109019ecf464cdb-1b285bbf-995a-4225-a78c-6b7798dcbcbc-000000","attempt":1}
2026-06-16 12:42:29 [Maven CRM QR] info: [email:service] Email delivered {"to":["ashish2kathait@gmail.com"],"subject":"SES Test","messageId":"<74721319-96af-36a8-0c0b-5f0d838746cc@gmail.com>"}
2026-06-16 13:21:49 [Maven CRM QR] info: [notif] All email subscribers registered
2026-06-16 13:21:56 [Maven CRM QR] info: [notif] All email subscribers registered
2026-06-16 13:22:03 [Maven CRM QR] info: [notif] All email subscribers registered
2026-06-16 13:24:18 [Application] debug: [EventBus] No handlers for event: nonexistent
2026-06-16 13:24:18 [Application] debug: [EventBus] No handlers for event: test.event
2026-06-16 13:24:18 [Application] error: [EventBus] Async handler error for test.async: async error {"event":"test.async","error":"async error"}
2026-06-16 13:24:18 [Application] error: [EventBus] Handler error for test.sync: sync error {"event":"test.sync","error":"sync error"}
2026-06-16 13:25:57 [Application] debug: [EventBus] No handlers for event: nonexistent
2026-06-16 13:25:57 [Application] debug: [EventBus] No handlers for event: test.event
2026-06-16 13:25:57 [Application] error: [EventBus] Async handler error for test.async: async error {"event":"test.async","error":"async error"}
2026-06-16 13:25:57 [Application] error: [EventBus] Handler error for test.sync: sync error {"event":"test.sync","error":"sync error"}
2026-06-16 13:26:07 [Application] warn: [retry] email send failed (attempt 1/3), retrying in 1083ms {"attempt":1,"maxAttempts":3,"delay":1083,"error":"timeout","transient":true}
2026-06-16 13:26:07 [Application] warn: [circuitBreaker:test] Failure threshold reached (3/3), transitioning CLOSED -> OPEN
2026-06-16 13:26:07 [Application] warn: [circuitBreaker:test] Failure threshold reached (3/3), transitioning CLOSED -> OPEN
2026-06-16 13:26:07 [Application] warn: [circuitBreaker:test] Circuit is OPEN, rejecting call
2026-06-16 13:26:07 [Application] warn: [circuitBreaker:test] Failure threshold reached (3/3), transitioning CLOSED -> OPEN
2026-06-16 13:26:07 [Application] error: [EmailDeliveryError] EMAIL_CONFIG_ERROR: AWS region is not configured. Set AWS_REGION environment variable. {"code":"EMAIL_CONFIG_ERROR","recipient":null,"subject":null}
2026-06-16 13:26:07 [Application] error: [EmailDeliveryError] EMAIL_CONFIG_ERROR: AWS region is not configured. Set AWS_REGION environment variable. {"code":"EMAIL_CONFIG_ERROR","recipient":null,"subject":null}
2026-06-16 13:26:07 [Application] error: [EmailDeliveryError] EMAIL_CONFIG_ERROR: Sender email (EMAIL_FROM) is not configured. {"code":"EMAIL_CONFIG_ERROR","recipient":null,"subject":null}
2026-06-16 13:26:07 [Application] error: [EmailDeliveryError] EMAIL_CONFIG_ERROR: Sender email (EMAIL_FROM) is not configured. {"code":"EMAIL_CONFIG_ERROR","recipient":null,"subject":null}
2026-06-16 13:26:07 [Application] info: [email:ses] Creating SES client {"region":"ap-south-1","hasCredentials":true,"useDefaultCredentialChain":false}
2026-06-16 13:26:07 [Application] debug: [email:ses] Sending email {"to":["recipient@example.com"],"subject":"Test Subject","hasHtml":true,"hasText":true,"attempt":1}
2026-06-16 13:26:07 [Application] info: [email:ses] Sent successfully {"to":["recipient@example.com"],"subject":"Test Subject","messageId":"aws-msg-12345","attempt":1}
2026-06-16 13:26:07 [Application] info: [email:ses] Creating SES client {"region":"ap-south-1","hasCredentials":true,"useDefaultCredentialChain":false}
2026-06-16 13:26:07 [Application] debug: [email:ses] Sending email {"to":["user@example.com"],"subject":"Plain text","hasHtml":false,"hasText":true,"attempt":1}
2026-06-16 13:26:07 [Application] info: [email:ses] Sent successfully {"to":["user@example.com"],"subject":"Plain text","messageId":"msg-2","attempt":1}
2026-06-16 13:26:07 [Application] info: [email:ses] Creating SES client {"region":"ap-south-1","hasCredentials":true,"useDefaultCredentialChain":false}
2026-06-16 13:26:07 [Application] debug: [email:ses] Sending email {"to":["recipient@example.com"],"subject":"Test Subject","hasHtml":true,"hasText":true,"attempt":1}
2026-06-16 13:26:07 [Application] warn: [retry] SES email to recipient@example.com failed (attempt 1/3), retrying in 1024ms {"attempt":1,"maxAttempts":3,"delay":1024,"error":"Rate exceeded","transient":true}
2026-06-16 13:26:07 [Application] info: [email:factory] Creating provider {"environment":"production"}
2026-06-16 13:26:07 [Application] info: [email:factory] Using SES provider (production)
2026-06-16 13:26:07 [Application] info: [email:factory] Creating provider {"environment":"development"}
2026-06-16 13:26:07 [Application] info: [email:factory] Using SMTP provider (development)
2026-06-16 13:26:07 [Application] info: [email:factory] Creating provider {"environment":"test"}
2026-06-16 13:26:07 [Application] info: [email:factory] Using SMTP provider (test)
2026-06-16 13:26:07 [Application] info: [email:factory] Creating provider {"environment":"staging"}
2026-06-16 13:26:08 [Application] info: [email:factory] Using SMTP provider (staging)
2026-06-16 13:26:08 [Application] info: [email:factory] Creating provider {"environment":"unknown"}
2026-06-16 13:26:08 [Application] warn: [email:factory] Unknown environment "unknown", falling back to SMTP
2026-06-16 13:26:08 [Application] info: [email:factory] Creating provider {"environment":"development"}
2026-06-16 13:26:08 [Application] info: [email:factory] Using SMTP provider (development)
2026-06-16 13:26:08 [Application] info: [email:factory] Creating provider {"environment":"production"}
2026-06-16 13:26:08 [Application] info: [email:factory] Using SES provider (production)
2026-06-16 13:26:07 [Application] error: [EmailDeliveryError] EMAIL_CONFIG_ERROR: SMTP configuration is incomplete. Set SMTP_HOST, SMTP_USER, and SMTP_PASS environment variables. {"code":"EMAIL_CONFIG_ERROR","recipient":null,"subject":null}
2026-06-16 13:26:08 [Application] error: [EmailDeliveryError] EMAIL_CONFIG_ERROR: SMTP configuration is incomplete. Set SMTP_HOST, SMTP_USER, and SMTP_PASS environment variables. {"code":"EMAIL_CONFIG_ERROR","recipient":null,"subject":null}
2026-06-16 13:26:08 [Application] info: [email:smtp] Creating SMTP transport with connection pooling {"host":"smtp.example.com","port":587,"pool":true}
2026-06-16 13:26:08 [Application] debug: [email:smtp] Sending email {"to":["recipient@example.com"],"subject":"Test Subject","hasHtml":true,"hasText":true,"hasAttachments":false,"attempt":1}
2026-06-16 13:26:08 [Application] info: [email:smtp] Sent successfully {"to":["recipient@example.com"],"subject":"Test Subject","messageId":"test-message-id","response":"250 OK","attempt":1}
2026-06-16 13:26:08 [Application] info: [email:smtp] Creating SMTP transport with connection pooling {"host":"smtp.example.com","port":587,"pool":true}
2026-06-16 13:26:08 [Application] debug: [email:smtp] Sending email {"to":["user@example.com"],"subject":"Plain text","hasHtml":false,"hasText":true,"hasAttachments":false,"attempt":1}
2026-06-16 13:26:08 [Application] info: [email:smtp] Sent successfully {"to":["user@example.com"],"subject":"Plain text","messageId":"msg-1","response":"250 OK","attempt":1}
2026-06-16 13:26:08 [Application] info: [email:smtp] Creating SMTP transport with connection pooling {"host":"smtp.example.com","port":587,"pool":true}
2026-06-16 13:26:08 [Application] debug: [email:smtp] Sending email {"to":["recipient@example.com"],"subject":"Test Subject","hasHtml":true,"hasText":true,"hasAttachments":true,"attempt":1}
2026-06-16 13:26:08 [Application] info: [email:smtp] Sent successfully {"to":["recipient@example.com"],"subject":"Test Subject","messageId":"msg-2","response":"250 OK","attempt":1}
2026-06-16 13:26:08 [Application] info: [email:smtp] Creating SMTP transport with connection pooling {"host":"smtp.example.com","port":587,"pool":true}
2026-06-16 13:26:08 [Application] debug: [email:smtp] Sending email {"to":["recipient@example.com"],"subject":"Test Subject","hasHtml":true,"hasText":true,"hasAttachments":false,"attempt":1}
2026-06-16 13:26:08 [Application] warn: [retry] SMTP email to recipient@example.com failed (attempt 1/3), retrying in 1075ms {"attempt":1,"maxAttempts":3,"delay":1075,"error":"Timeout","transient":true}
2026-06-16 13:26:08 [Application] info: [circuitBreaker:test] Transitioning OPEN -> HALF_OPEN
2026-06-16 13:26:08 [Application] info: [circuitBreaker:test] Transitioning HALF_OPEN -> CLOSED (success)
2026-06-16 13:26:08 [Application] warn: [circuitBreaker:test] Failure threshold reached (3/3), transitioning CLOSED -> OPEN
2026-06-16 13:26:07 [Application] error: [EmailDeliveryError] EMAIL_CONFIG_ERROR: A valid EmailProvider instance is required {"code":"EMAIL_CONFIG_ERROR","recipient":null,"subject":null}
2026-06-16 13:26:08 [Application] error: [EmailDeliveryError] EMAIL_CONFIG_ERROR: A valid EmailProvider instance is required {"code":"EMAIL_CONFIG_ERROR","recipient":null,"subject":null}
2026-06-16 13:26:08 [Application] info: [email:service] Sending email {"to":["user@example.com"],"subject":"Test","hasHtml":true,"hasText":false,"hasAttachments":false}
2026-06-16 13:26:08 [Application] info: [email:service] Email delivered {"to":["user@example.com"],"subject":"Test","messageId":"msg-1"}
2026-06-16 13:26:08 [Application] error: [EmailDeliveryError] EMAIL_VALIDATION_ERROR: Recipient email (to) is required {"code":"EMAIL_VALIDATION_ERROR","recipient":null,"subject":null}
2026-06-16 13:26:08 [Application] error: [EmailDeliveryError] EMAIL_VALIDATION_ERROR: Email subject is required {"code":"EMAIL_VALIDATION_ERROR","recipient":"u**r@example.com","subject":null}
2026-06-16 13:26:08 [Application] error: [EmailDeliveryError] EMAIL_VALIDATION_ERROR: Email body (html or text) is required {"code":"EMAIL_VALIDATION_ERROR","recipient":"u**r@example.com","subject":null}
2026-06-16 13:26:08 [Application] info: [email:service] Sending email {"to":["user@example.com"],"subject":"Test","hasHtml":true,"hasText":false,"hasAttachments":false}
2026-06-16 13:26:08 [Application] error: [EmailDeliveryError] EMAIL_TRANSPORT_ERROR: Failed to send email: Provider error {"code":"EMAIL_TRANSPORT_ERROR","recipient":"u**r@example.com","subject":"Test"}
2026-06-16 13:26:08 [Application] error: [EmailDeliveryError] EMAIL_CONFIG_ERROR: Bad config {"code":"EMAIL_CONFIG_ERROR","recipient":null,"subject":null}
2026-06-16 13:26:08 [Application] info: [email:service] Sending email {"to":["user@example.com"],"subject":"Test","hasHtml":true,"hasText":false,"hasAttachments":false}
2026-06-16 13:26:08 [Application] info: [email:service] Sending email {"to":["new@example.com"],"subject":"Welcome to Maven CRM QR — your account is ready","hasHtml":true,"hasText":true,"hasAttachments":false}
2026-06-16 13:26:08 [Application] info: [email:service] Email delivered {"to":["new@example.com"],"subject":"Welcome to Maven CRM QR — your account is ready","messageId":"welcome-msg"}
2026-06-16 13:26:08 [Application] info: [email:service] Sending email {"to":["new@example.com"],"subject":"Welcome to Maven CRM QR — your account is ready","hasHtml":true,"hasText":true,"hasAttachments":false}
2026-06-16 13:26:08 [Application] info: [email:service] Email delivered {"to":["new@example.com"],"subject":"Welcome to Maven CRM QR — your account is ready","messageId":"welcome-msg-2"}
2026-06-16 13:26:08 [Application] info: [email:service] Sending email {"to":["user@example.com"],"subject":"Reset your Maven CRM QR password","hasHtml":true,"hasText":true,"hasAttachments":false}
2026-06-16 13:26:08 [Application] info: [email:service] Email delivered {"to":["user@example.com"],"subject":"Reset your Maven CRM QR password","messageId":"reset-msg"}
2026-06-16 13:26:08 [Application] info: [email:service] Sending email {"to":["user@example.com"],"subject":"Reset your Maven CRM QR password","hasHtml":true,"hasText":true,"hasAttachments":false}
2026-06-16 13:26:08 [Application] info: [email:service] Email delivered {"to":["user@example.com"],"subject":"Reset your Maven CRM QR password","messageId":"reset-msg"}
2026-06-16 13:26:08 [Application] info: [email:service] Sending email {"to":["user@example.com"],"subject":"Your OTP code — Maven CRM QR","hasHtml":true,"hasText":true,"hasAttachments":false}
2026-06-16 13:26:08 [Application] info: [email:service] Email delivered {"to":["user@example.com"],"subject":"Your OTP code — Maven CRM QR","messageId":"otp-msg"}
2026-06-16 13:26:08 [Application] info: [email:service] Sending email {"to":["user@example.com"],"subject":"Your OTP code — Maven CRM QR","hasHtml":true,"hasText":true,"hasAttachments":false}
2026-06-16 13:26:08 [Application] info: [email:service] Email delivered {"to":["user@example.com"],"subject":"Your OTP code — Maven CRM QR","messageId":"otp-msg-2"}
2026-06-16 13:26:08 [Application] info: [email:service] Sending email {"to":["candidate@example.com"],"subject":"Application submitted — Software Engineer at Tech Corp","hasHtml":true,"hasText":true,"hasAttachments":false}
2026-06-16 13:26:08 [Application] info: [email:service] Email delivered {"to":["candidate@example.com"],"subject":"Application submitted — Software Engineer at Tech Corp","messageId":"app-msg"}
2026-06-16 13:26:08 [Application] error: [EmailDeliveryError] EMAIL_TRANSPORT_ERROR: Provider does not support connection verification {"code":"EMAIL_TRANSPORT_ERROR","recipient":null,"subject":null}
2026-06-16 13:26:08 [Application] info: [circuitBreaker:test] Transitioning OPEN -> HALF_OPEN
2026-06-16 13:26:08 [Application] warn: [email:readiness] Identity verification check failed {"error":"AccessDenied"}
2026-06-16 13:26:08 [Application] warn: [circuitBreaker:test] HALF_OPEN attempt failed, returning to OPEN
2026-06-16 13:26:08 [Application] info: [circuitBreaker:test] Reset to CLOSED
2026-06-16 13:26:08 [Application] error: [AttachmentValidationError] Attachment "virus.exe" has disallowed content type: application/x-msdownload {"filename":"virus.exe","contentType":"application/x-msdownload","size":null}
2026-06-16 13:26:08 [Application] error: [AttachmentValidationError] Attachment "large.pdf" exceeds maximum size of 10485760 bytes {"filename":"large.pdf","contentType":null,"size":15728640}
2026-06-16 13:26:08 [Application] error: [AttachmentValidationError] Attachment at index 0: provide either content or path, not both {"filename":"conflict.pdf","contentType":null,"size":null}
2026-06-16 13:26:08 [Application] error: [AttachmentValidationError] Attachment at index 0: filename, content, or path is required {"filename":null,"contentType":null,"size":null}
2026-06-16 13:26:08 [Application] info: [email:attachments] Virus scan hook cleared
2026-06-16 13:26:08 [Application] info: [email:attachments] Virus scan hook cleared
2026-06-16 13:26:08 [Application] info: [email:attachments] Virus scan hook registered
2026-06-16 13:26:08 [Application] info: [email:attachments] Virus scan hook cleared
2026-06-16 13:26:08 [Application] info: [email:attachments] Virus scan hook registered
2026-06-16 13:26:08 [Application] error: [AttachmentValidationError] Attachment "bad.pdf" failed virus scan: Trojan detected {"filename":"bad.pdf","contentType":"application/pdf","size":null}
2026-06-16 13:26:08 [Application] info: [email:attachments] Virus scan hook cleared
2026-06-16 13:26:08 [Application] info: [email:attachments] Virus scan hook registered
2026-06-16 13:26:08 [Application] error: [email:attachments] Virus scan error {"filename":"doc.pdf","error":"Scan service down"}
2026-06-16 13:26:08 [Application] error: [AttachmentValidationError] Virus scan failed for "doc.pdf": Scan service down {"filename":"doc.pdf","contentType":null,"size":null}
2026-06-16 13:26:08 [Application] info: [email:attachments] Virus scan hook cleared
2026-06-16 13:26:08 [Application] info: [email:attachments] Virus scan hook cleared
2026-06-16 13:26:08 [Application] info: [email:attachments] Virus scan hook registered
2026-06-16 13:26:08 [Application] info: [email:sandbox] SES quota check complete {"sandbox":true,"maxSendRate":1,"max24HourSend":200}
2026-06-16 13:26:08 [Application] info: [email:sandbox] SES quota check complete {"sandbox":false,"maxSendRate":14,"max24HourSend":50000}
2026-06-16 13:26:08 [Application] warn: [email:sandbox] Could not check SES quota {"error":"AccessDenied"}
2026-06-16 13:26:08 [Application] info: [email:queue] Queue closed
2026-06-16 13:26:08 [Application] error: [TemplateValidationError] Template "test" has missing placeholders: code {"templateName":"test","missingPlaceholders":["code"],"extraVariables":[]}
2026-06-16 13:26:08 [Application] error: [TemplateValidationError] Template "test" has missing placeholders: email {"templateName":"test","missingPlaceholders":["email"],"extraVariables":[]}
2026-06-16 13:26:08 [Application] error: [TemplateValidationError] Template "test" received unused variables: extra {"templateName":"test","missingPlaceholders":[],"extraVariables":["extra"]}
2026-06-16 13:26:08 [Application] error: [TemplateValidationError] Template must be a string {"templateName":"unknown","missingPlaceholders":[],"extraVariables":[]}
2026-06-16 13:26:08 [Application] error: [TemplateValidationError] Variables must be an object {"templateName":"unknown","missingPlaceholders":[],"extraVariables":[]}
2026-06-16 13:26:08 [Application] error: [TemplateValidationError] Template "test" has missing placeholders: name {"templateName":"test","missingPlaceholders":["name"],"extraVariables":[]}
2026-06-16 13:26:08 [Application] error: [TemplateValidationError] Template "unknown" has missing placeholders: name {"templateName":"unknown","missingPlaceholders":["name"],"extraVariables":[]}
2026-06-16 13:26:08 [Application] error: [TemplateValidationError] Template "html-template" has missing placeholders: code {"templateName":"html-template","missingPlaceholders":["code"],"extraVariables":[]}
2026-06-16 13:26:08 [Application] info: [retry] email send succeeded on attempt 2/3
2026-06-16 13:26:08 [Application] warn: [retry] email send failed (attempt 1/2), retrying in 1047ms {"attempt":1,"maxAttempts":2,"delay":1047,"error":"down","transient":true}
2026-06-16 13:26:08 [Application] warn: [rateLimiter:email-rate-limiter] Rate limit exceeded {"maxPerWindow":1,"windowMs":60000}
2026-06-16 13:26:08 [Application] error: [EmailDeliveryError] EMAIL_THROTTLING_ERROR: Rate limit exceeded: maximum 1 emails per 60s {"code":"EMAIL_THROTTLING_ERROR","recipient":null,"subject":null}
2026-06-16 13:26:08 [Application] warn: [rateLimiter:email-rate-limiter] Rate limit exceeded {"maxPerWindow":1,"windowMs":60000}
2026-06-16 13:26:08 [Application] error: [EmailDeliveryError] EMAIL_THROTTLING_ERROR: Rate limit exceeded: maximum 1 emails per 60s {"code":"EMAIL_THROTTLING_ERROR","recipient":null,"subject":null}
2026-06-16 13:26:09 [Application] debug: [email:ses] Sending email {"to":["recipient@example.com"],"subject":"Test Subject","hasHtml":true,"hasText":true,"attempt":2}
2026-06-16 13:26:09 [Application] info: [email:ses] Sent successfully {"to":["recipient@example.com"],"subject":"Test Subject","messageId":"msg-retry","attempt":2}
2026-06-16 13:26:09 [Application] info: [retry] SES email to recipient@example.com succeeded on attempt 2/3
2026-06-16 13:26:09 [Application] info: [email:ses] Creating SES client {"region":"ap-south-1","hasCredentials":true,"useDefaultCredentialChain":false}
2026-06-16 13:26:09 [Application] debug: [email:ses] Sending email {"to":["recipient@example.com"],"subject":"Test Subject","hasHtml":true,"hasText":true,"attempt":1}
2026-06-16 13:26:09 [Application] warn: [retry] SES email to recipient@example.com failed (attempt 1/3), retrying in 1088ms {"attempt":1,"maxAttempts":3,"delay":1088,"error":"Service unavailable","transient":true}
2026-06-16 13:26:08 [Application] warn: [email:queue] bullmq is not installed. Install it with: npm install bullmq
2026-06-16 13:26:08 [Application] info: [email:queue] Falling back to immediate delivery
2026-06-16 13:26:08 [Application] info: [email:queue] Queue closed
2026-06-16 13:26:09 [Application] error: [EmailDeliveryError] EMAIL_DELIVERY_ERROR: Something went wrong {"code":"EMAIL_DELIVERY_ERROR","recipient":null,"subject":null}
2026-06-16 13:26:09 [Application] error: [EmailDeliveryError] EMAIL_CONFIG_ERROR: Config error {"code":"EMAIL_CONFIG_ERROR","recipient":null,"subject":null}
2026-06-16 13:26:09 [Application] error: [EmailDeliveryError] EMAIL_DELIVERY_ERROR: Wrapped {"code":"EMAIL_DELIVERY_ERROR","recipient":null,"subject":null}
2026-06-16 13:26:09 [Application] error: [EmailDeliveryError] EMAIL_DELIVERY_ERROR: Failed {"code":"EMAIL_DELIVERY_ERROR","recipient":"u**r@example.com","subject":"Test"}
2026-06-16 13:26:09 [Application] error: [EmailDeliveryError] EMAIL_DELIVERY_ERROR: Test {"code":"EMAIL_DELIVERY_ERROR","recipient":"j*****e@example.com","subject":null}
2026-06-16 13:26:09 [Application] error: [EmailDeliveryError] EMAIL_TEST_ERROR: Error message {"code":"EMAIL_TEST_ERROR","recipient":null,"subject":null}
2026-06-16 13:26:09 [Application] debug: [email:smtp] Sending email {"to":["recipient@example.com"],"subject":"Test Subject","hasHtml":true,"hasText":true,"hasAttachments":false,"attempt":2}
2026-06-16 13:26:09 [Application] info: [email:smtp] Sent successfully {"to":["recipient@example.com"],"subject":"Test Subject","messageId":"msg-retry","response":"250 OK","attempt":2}
2026-06-16 13:26:09 [Application] info: [retry] SMTP email to recipient@example.com succeeded on attempt 2/3
2026-06-16 13:26:09 [Application] info: [email:smtp] Creating SMTP transport with connection pooling {"host":"smtp.example.com","port":587,"pool":true}
2026-06-16 13:26:09 [Application] debug: [email:smtp] Sending email {"to":["recipient@example.com"],"subject":"Test Subject","hasHtml":true,"hasText":true,"hasAttachments":false,"attempt":1}
2026-06-16 13:26:09 [Application] warn: [retry] SMTP email to recipient@example.com failed (attempt 1/3), retrying in 1065ms {"attempt":1,"maxAttempts":3,"delay":1065,"error":"Service unavailable","transient":true}
2026-06-16 13:26:10 [Application] error: [retry] email send exhausted all 2 attempts {"attempts":2,"error":"down"}
2026-06-16 13:26:10 [Application] warn: [retry] email send failed with non-transient error (attempt 1/3), not retrying {"attempt":1,"maxAttempts":3,"error":"bad request","code":"InvalidInput"}
2026-06-16 13:26:10 [Application] debug: [email:ses] Sending email {"to":["recipient@example.com"],"subject":"Test Subject","hasHtml":true,"hasText":true,"attempt":2}
2026-06-16 13:26:10 [Application] info: [email:ses] Sent successfully {"to":["recipient@example.com"],"subject":"Test Subject","messageId":"msg-5xx-retry","attempt":2}
2026-06-16 13:26:10 [Application] info: [retry] SES email to recipient@example.com succeeded on attempt 2/3
2026-06-16 13:26:10 [Application] info: [email:ses] Creating SES client {"region":"ap-south-1","hasCredentials":true,"useDefaultCredentialChain":false}
2026-06-16 13:26:10 [Application] debug: [email:ses] Sending email {"to":["recipient@example.com"],"subject":"Test Subject","hasHtml":true,"hasText":true,"attempt":1}
2026-06-16 13:26:10 [Application] warn: [retry] SES email to recipient@example.com failed (attempt 1/3), retrying in 1011ms {"attempt":1,"maxAttempts":3,"delay":1011,"error":"Rate exceeded","transient":true}
2026-06-16 13:26:10 [Application] debug: [email:smtp] Sending email {"to":["recipient@example.com"],"subject":"Test Subject","hasHtml":true,"hasText":true,"hasAttachments":false,"attempt":2}
2026-06-16 13:26:10 [Application] warn: [retry] SMTP email to recipient@example.com failed (attempt 2/3), retrying in 2062ms {"attempt":2,"maxAttempts":3,"delay":2062,"error":"Service unavailable","transient":true}
2026-06-16 13:26:11 [Application] debug: [email:ses] Sending email {"to":["recipient@example.com"],"subject":"Test Subject","hasHtml":true,"hasText":true,"attempt":2}
2026-06-16 13:26:11 [Application] warn: [retry] SES email to recipient@example.com failed (attempt 2/3), retrying in 2141ms {"attempt":2,"maxAttempts":3,"delay":2141,"error":"Rate exceeded","transient":true}
2026-06-16 13:26:12 [Application] debug: [email:smtp] Sending email {"to":["recipient@example.com"],"subject":"Test Subject","hasHtml":true,"hasText":true,"hasAttachments":false,"attempt":3}
2026-06-16 13:26:12 [Application] error: [retry] SMTP email to recipient@example.com exhausted all 3 attempts {"attempts":3,"error":"Service unavailable"}
2026-06-16 13:26:12 [Application] error: [EmailDeliveryError] EMAIL_TRANSPORT_ERROR: SMTP send failed after retries: Service unavailable {"code":"EMAIL_TRANSPORT_ERROR","recipient":"r*******t@example.com","subject":"Test Subject"}
2026-06-16 13:26:12 [Application] info: [email:smtp] Creating SMTP transport with connection pooling {"host":"smtp.example.com","port":587,"pool":true}
2026-06-16 13:26:12 [Application] debug: [email:smtp] Sending email {"to":["invalid"],"subject":"Test Subject","hasHtml":true,"hasText":true,"hasAttachments":false,"attempt":1}
2026-06-16 13:26:12 [Application] warn: [retry] SMTP email to invalid failed with non-transient error (attempt 1/3), not retrying {"attempt":1,"maxAttempts":3,"error":"Invalid email address","code":"InvalidAddress"}
2026-06-16 13:26:12 [Application] error: [EmailDeliveryError] EMAIL_TRANSPORT_ERROR: SMTP send failed after retries: Invalid email address {"code":"EMAIL_TRANSPORT_ERROR","recipient":"invalid","subject":"Test Subject"}
2026-06-16 13:26:12 [Application] error: [EmailDeliveryError] EMAIL_VALIDATION_ERROR: Recipient (to) and subject are required {"code":"EMAIL_VALIDATION_ERROR","recipient":null,"subject":"Test"}
2026-06-16 13:26:12 [Application] error: [EmailDeliveryError] EMAIL_VALIDATION_ERROR: Recipient (to) and subject are required {"code":"EMAIL_VALIDATION_ERROR","recipient":null,"subject":"Test"}
2026-06-16 13:26:12 [Application] error: [EmailDeliveryError] EMAIL_VALIDATION_ERROR: Recipient (to) and subject are required {"code":"EMAIL_VALIDATION_ERROR","recipient":"u**r@example.com","subject":null}
2026-06-16 13:26:12 [Application] info: [email:smtp] Creating SMTP transport with connection pooling {"host":"smtp.example.com","port":587,"pool":true}
2026-06-16 13:26:12 [Application] info: [email:smtp] Connection verified successfully
2026-06-16 13:26:12 [Application] info: [email:smtp] Creating SMTP transport with connection pooling {"host":"smtp.example.com","port":587,"pool":true}
2026-06-16 13:26:12 [Application] error: [email:smtp] Connection verification failed {"error":"Connection failed"}
2026-06-16 13:26:12 [Application] error: [EmailDeliveryError] EMAIL_TRANSPORT_ERROR: SMTP connection verification failed: Connection failed {"code":"EMAIL_TRANSPORT_ERROR","recipient":null,"subject":null}
2026-06-16 13:26:12 [Application] info: [email:smtp] Creating SMTP transport with connection pooling {"host":"smtp.example.com","port":587,"pool":true}
2026-06-16 13:26:12 [Application] info: [email:smtp] Transport closed
2026-06-16 13:26:13 [Application] debug: [email:ses] Sending email {"to":["recipient@example.com"],"subject":"Test Subject","hasHtml":true,"hasText":true,"attempt":3}
2026-06-16 13:26:13 [Application] error: [retry] SES email to recipient@example.com exhausted all 3 attempts {"attempts":3,"error":"Rate exceeded"}
2026-06-16 13:26:13 [Application] error: [EmailDeliveryError] EMAIL_TRANSPORT_ERROR: SES send failed after retries: Rate exceeded {"code":"EMAIL_TRANSPORT_ERROR","recipient":"r*******t@example.com","subject":"Test Subject"}
2026-06-16 13:26:13 [Application] info: [email:ses] Creating SES client {"region":"ap-south-1","hasCredentials":true,"useDefaultCredentialChain":false}
2026-06-16 13:26:13 [Application] debug: [email:ses] Sending email {"to":["recipient@example.com"],"subject":"Test Subject","hasHtml":true,"hasText":true,"attempt":1}
2026-06-16 13:26:13 [Application] warn: [retry] SES email to recipient@example.com failed with non-transient error (attempt 1/3), not retrying {"attempt":1,"maxAttempts":3,"error":"Email address is not verified","code":"MessageRejected"}
2026-06-16 13:26:13 [Application] error: [EmailDeliveryError] EMAIL_TRANSPORT_ERROR: SES send failed after retries: Email address is not verified {"code":"EMAIL_TRANSPORT_ERROR","recipient":"r*******t@example.com","subject":"Test Subject"}
2026-06-16 13:26:13 [Application] error: [EmailDeliveryError] EMAIL_VALIDATION_ERROR: Recipient (to) and subject are required {"code":"EMAIL_VALIDATION_ERROR","recipient":null,"subject":"Test"}
2026-06-16 13:26:13 [Application] error: [EmailDeliveryError] EMAIL_VALIDATION_ERROR: Recipient (to) and subject are required {"code":"EMAIL_VALIDATION_ERROR","recipient":"u**r@example.com","subject":null}
2026-06-16 13:26:13 [Application] info: [email:ses] Creating SES client {"region":"ap-south-1","hasCredentials":true,"useDefaultCredentialChain":false}
2026-06-16 13:26:13 [Application] error: [EmailDeliveryError] EMAIL_VALIDATION_ERROR: Email body (html or text) is required {"code":"EMAIL_VALIDATION_ERROR","recipient":"u**r@example.com","subject":null}
2026-06-16 13:26:13 [Application] info: [email:ses] Creating SES client {"region":"ap-south-1","hasCredentials":true,"useDefaultCredentialChain":false}
2026-06-16 13:26:13 [Application] debug: [email:ses] Sending email {"to":["a@example.com","b@example.com"],"subject":"Multiple","hasHtml":true,"hasText":false,"attempt":1}
2026-06-16 13:26:13 [Application] info: [email:ses] Sent successfully {"to":["a@example.com","b@example.com"],"subject":"Multiple","messageId":"msg-multi","attempt":1}
2026-06-16 13:26:13 [Application] info: [email:ses] Creating SES client {"region":"ap-south-1","hasCredentials":true,"useDefaultCredentialChain":false}
2026-06-16 13:26:13 [Application] info: [email:ses] SES client destroyed
2026-06-16 13:34:07 [Application] warn: [retry] email send failed (attempt 1/3), retrying in 1036ms {"attempt":1,"maxAttempts":3,"delay":1036,"error":"timeout","transient":true}
2026-06-16 13:34:07 [Application] warn: [circuitBreaker:test] Failure threshold reached (3/3), transitioning CLOSED -> OPEN
2026-06-16 13:34:07 [Application] warn: [circuitBreaker:test] Failure threshold reached (3/3), transitioning CLOSED -> OPEN
2026-06-16 13:34:07 [Application] warn: [circuitBreaker:test] Circuit is OPEN, rejecting call
2026-06-16 13:34:07 [Application] warn: [circuitBreaker:test] Failure threshold reached (3/3), transitioning CLOSED -> OPEN
2026-06-16 13:34:07 [Application] error: [EmailDeliveryError] EMAIL_CONFIG_ERROR: SMTP configuration is incomplete. Set SMTP_HOST, SMTP_USER, and SMTP_PASS environment variables. {"code":"EMAIL_CONFIG_ERROR","recipient":null,"subject":null}
2026-06-16 13:34:07 [Application] error: [EmailDeliveryError] EMAIL_CONFIG_ERROR: SMTP configuration is incomplete. Set SMTP_HOST, SMTP_USER, and SMTP_PASS environment variables. {"code":"EMAIL_CONFIG_ERROR","recipient":null,"subject":null}
2026-06-16 13:34:07 [Application] info: [email:smtp] Creating SMTP transport with connection pooling {"host":"smtp.example.com","port":587,"pool":true}
2026-06-16 13:34:07 [Application] debug: [email:smtp] Sending email {"to":["recipient@example.com"],"subject":"Test Subject","hasHtml":true,"hasText":true,"hasAttachments":false,"attempt":1}
2026-06-16 13:34:07 [Application] info: [email:smtp] Sent successfully {"to":["recipient@example.com"],"subject":"Test Subject","messageId":"test-message-id","response":"250 OK","attempt":1}
2026-06-16 13:34:07 [Application] info: [email:smtp] Creating SMTP transport with connection pooling {"host":"smtp.example.com","port":587,"pool":true}
2026-06-16 13:34:07 [Application] debug: [email:smtp] Sending email {"to":["user@example.com"],"subject":"Plain text","hasHtml":false,"hasText":true,"hasAttachments":false,"attempt":1}
2026-06-16 13:34:07 [Application] info: [email:smtp] Sent successfully {"to":["user@example.com"],"subject":"Plain text","messageId":"msg-1","response":"250 OK","attempt":1}
2026-06-16 13:34:07 [Application] info: [email:smtp] Creating SMTP transport with connection pooling {"host":"smtp.example.com","port":587,"pool":true}
2026-06-16 13:34:07 [Application] debug: [email:smtp] Sending email {"to":["recipient@example.com"],"subject":"Test Subject","hasHtml":true,"hasText":true,"hasAttachments":true,"attempt":1}
2026-06-16 13:34:07 [Application] info: [email:smtp] Sent successfully {"to":["recipient@example.com"],"subject":"Test Subject","messageId":"msg-2","response":"250 OK","attempt":1}
2026-06-16 13:34:07 [Application] info: [email:smtp] Creating SMTP transport with connection pooling {"host":"smtp.example.com","port":587,"pool":true}
2026-06-16 13:34:07 [Application] debug: [email:smtp] Sending email {"to":["recipient@example.com"],"subject":"Test Subject","hasHtml":true,"hasText":true,"hasAttachments":false,"attempt":1}
2026-06-16 13:34:07 [Application] warn: [retry] SMTP email to recipient@example.com failed (attempt 1/3), retrying in 1037ms {"attempt":1,"maxAttempts":3,"delay":1037,"error":"Timeout","transient":true}
2026-06-16 13:34:07 [Application] error: [EmailDeliveryError] EMAIL_CONFIG_ERROR: AWS region is not configured. Set AWS_REGION environment variable. {"code":"EMAIL_CONFIG_ERROR","recipient":null,"subject":null}
2026-06-16 13:34:07 [Application] info: [circuitBreaker:test] Transitioning OPEN -> HALF_OPEN
2026-06-16 13:34:07 [Application] error: [EmailDeliveryError] EMAIL_CONFIG_ERROR: AWS region is not configured. Set AWS_REGION environment variable. {"code":"EMAIL_CONFIG_ERROR","recipient":null,"subject":null}
2026-06-16 13:34:07 [Application] error: [EmailDeliveryError] EMAIL_CONFIG_ERROR: Sender email (EMAIL_FROM) is not configured. {"code":"EMAIL_CONFIG_ERROR","recipient":null,"subject":null}
2026-06-16 13:34:07 [Application] error: [EmailDeliveryError] EMAIL_CONFIG_ERROR: Sender email (EMAIL_FROM) is not configured. {"code":"EMAIL_CONFIG_ERROR","recipient":null,"subject":null}
2026-06-16 13:34:07 [Application] info: [email:ses] Creating SES client {"region":"ap-south-1","hasCredentials":true,"useDefaultCredentialChain":false}
2026-06-16 13:34:07 [Application] debug: [email:ses] Sending email {"to":["recipient@example.com"],"subject":"Test Subject","hasHtml":true,"hasText":true,"attempt":1}
2026-06-16 13:34:07 [Application] info: [email:ses] Sent successfully {"to":["recipient@example.com"],"subject":"Test Subject","messageId":"aws-msg-12345","attempt":1}
2026-06-16 13:34:07 [Application] info: [email:ses] Creating SES client {"region":"ap-south-1","hasCredentials":true,"useDefaultCredentialChain":false}
2026-06-16 13:34:07 [Application] debug: [email:ses] Sending email {"to":["user@example.com"],"subject":"Plain text","hasHtml":false,"hasText":true,"attempt":1}
2026-06-16 13:34:07 [Application] info: [email:ses] Sent successfully {"to":["user@example.com"],"subject":"Plain text","messageId":"msg-2","attempt":1}
2026-06-16 13:34:07 [Application] info: [email:ses] Creating SES client {"region":"ap-south-1","hasCredentials":true,"useDefaultCredentialChain":false}
2026-06-16 13:34:07 [Application] debug: [email:ses] Sending email {"to":["recipient@example.com"],"subject":"Test Subject","hasHtml":true,"hasText":true,"attempt":1}
2026-06-16 13:34:07 [Application] warn: [retry] SES email to recipient@example.com failed (attempt 1/3), retrying in 1070ms {"attempt":1,"maxAttempts":3,"delay":1070,"error":"Rate exceeded","transient":true}
2026-06-16 13:34:07 [Application] info: [circuitBreaker:test] Transitioning HALF_OPEN -> CLOSED (success)
2026-06-16 13:34:07 [Application] warn: [circuitBreaker:test] Failure threshold reached (3/3), transitioning CLOSED -> OPEN
2026-06-16 13:34:08 [Application] info: [circuitBreaker:test] Transitioning OPEN -> HALF_OPEN
2026-06-16 13:34:08 [Application] warn: [circuitBreaker:test] HALF_OPEN attempt failed, returning to OPEN
2026-06-16 13:34:08 [Application] info: [circuitBreaker:test] Reset to CLOSED
2026-06-16 13:34:08 [Application] info: [retry] email send succeeded on attempt 2/3
2026-06-16 13:34:08 [Application] warn: [retry] email send failed (attempt 1/2), retrying in 1063ms {"attempt":1,"maxAttempts":2,"delay":1063,"error":"down","transient":true}
2026-06-16 13:34:08 [Application] info: [email:ses] Creating SES client {"region":"ap-south-1","hasCredentials":false,"useDefaultCredentialChain":true}
2026-06-16 13:34:08 [Application] debug: [email:ses] Sending email {"to":["recipient@example.com"],"subject":"Integration Test","hasHtml":true,"hasText":false,"attempt":1}
2026-06-16 13:34:08 [Application] info: [email:ses] Sent successfully {"to":["recipient@example.com"],"subject":"Integration Test","messageId":"mock-msg-integration","attempt":1}
2026-06-16 13:34:08 [Application] debug: [email:smtp] Sending email {"to":["recipient@example.com"],"subject":"Test Subject","hasHtml":true,"hasText":true,"hasAttachments":false,"attempt":2}
2026-06-16 13:34:08 [Application] info: [email:smtp] Sent successfully {"to":["recipient@example.com"],"subject":"Test Subject","messageId":"msg-retry","response":"250 OK","attempt":2}
2026-06-16 13:34:08 [Application] info: [retry] SMTP email to recipient@example.com succeeded on attempt 2/3
2026-06-16 13:34:08 [Application] info: [email:smtp] Creating SMTP transport with connection pooling {"host":"smtp.example.com","port":587,"pool":true}
2026-06-16 13:34:08 [Application] debug: [email:smtp] Sending email {"to":["recipient@example.com"],"subject":"Test Subject","hasHtml":true,"hasText":true,"hasAttachments":false,"attempt":1}
2026-06-16 13:34:08 [Application] warn: [retry] SMTP email to recipient@example.com failed (attempt 1/3), retrying in 1037ms {"attempt":1,"maxAttempts":3,"delay":1037,"error":"Service unavailable","transient":true}
2026-06-16 13:34:08 [Application] debug: [email:ses] Sending email {"to":["recipient@example.com"],"subject":"Test Subject","hasHtml":true,"hasText":true,"attempt":2}
2026-06-16 13:34:08 [Application] warn: [email:readiness] Identity verification check failed {"error":"AccessDenied"}
2026-06-16 13:34:08 [Application] info: [email:ses] Sent successfully {"to":["recipient@example.com"],"subject":"Test Subject","messageId":"msg-retry","attempt":2}
2026-06-16 13:34:08 [Application] info: [retry] SES email to recipient@example.com succeeded on attempt 2/3
2026-06-16 13:34:08 [Application] info: [email:ses] Creating SES client {"region":"ap-south-1","hasCredentials":true,"useDefaultCredentialChain":false}
2026-06-16 13:34:08 [Application] debug: [email:ses] Sending email {"to":["recipient@example.com"],"subject":"Test Subject","hasHtml":true,"hasText":true,"attempt":1}
2026-06-16 13:34:08 [Application] warn: [retry] SES email to recipient@example.com failed (attempt 1/3), retrying in 1056ms {"attempt":1,"maxAttempts":3,"delay":1056,"error":"Service unavailable","transient":true}
2026-06-16 13:34:08 [Application] error: [EmailDeliveryError] EMAIL_CONFIG_ERROR: A valid EmailProvider instance is required {"code":"EMAIL_CONFIG_ERROR","recipient":null,"subject":null}
2026-06-16 13:34:08 [Application] error: [EmailDeliveryError] EMAIL_CONFIG_ERROR: A valid EmailProvider instance is required {"code":"EMAIL_CONFIG_ERROR","recipient":null,"subject":null}
2026-06-16 13:34:08 [Application] info: [email:service] Sending email {"to":["user@example.com"],"subject":"Test","hasHtml":true,"hasText":false,"hasAttachments":false}
2026-06-16 13:34:08 [Application] info: [email:service] Email delivered {"to":["user@example.com"],"subject":"Test","messageId":"msg-1"}
2026-06-16 13:34:08 [Application] error: [EmailDeliveryError] EMAIL_VALIDATION_ERROR: Recipient email (to) is required {"code":"EMAIL_VALIDATION_ERROR","recipient":null,"subject":null}
2026-06-16 13:34:08 [Application] error: [EmailDeliveryError] EMAIL_VALIDATION_ERROR: Email subject is required {"code":"EMAIL_VALIDATION_ERROR","recipient":"u**r@example.com","subject":null}
2026-06-16 13:34:08 [Application] error: [EmailDeliveryError] EMAIL_VALIDATION_ERROR: Email body (html or text) is required {"code":"EMAIL_VALIDATION_ERROR","recipient":"u**r@example.com","subject":null}
2026-06-16 13:34:08 [Application] info: [email:service] Sending email {"to":["user@example.com"],"subject":"Test","hasHtml":true,"hasText":false,"hasAttachments":false}
2026-06-16 13:34:08 [Application] error: [EmailDeliveryError] EMAIL_TRANSPORT_ERROR: Failed to send email: Provider error {"code":"EMAIL_TRANSPORT_ERROR","recipient":"u**r@example.com","subject":"Test"}
2026-06-16 13:34:08 [Application] error: [EmailDeliveryError] EMAIL_CONFIG_ERROR: Bad config {"code":"EMAIL_CONFIG_ERROR","recipient":null,"subject":null}
2026-06-16 13:34:08 [Application] info: [email:service] Sending email {"to":["user@example.com"],"subject":"Test","hasHtml":true,"hasText":false,"hasAttachments":false}
2026-06-16 13:34:08 [Application] info: [email:service] Sending email {"to":["new@example.com"],"subject":"Welcome to Maven CRM QR — your account is ready","hasHtml":true,"hasText":true,"hasAttachments":false}
2026-06-16 13:34:08 [Application] info: [email:service] Email delivered {"to":["new@example.com"],"subject":"Welcome to Maven CRM QR — your account is ready","messageId":"welcome-msg"}
2026-06-16 13:34:08 [Application] info: [email:service] Sending email {"to":["new@example.com"],"subject":"Welcome to Maven CRM QR — your account is ready","hasHtml":true,"hasText":true,"hasAttachments":false}
2026-06-16 13:34:08 [Application] info: [email:service] Email delivered {"to":["new@example.com"],"subject":"Welcome to Maven CRM QR — your account is ready","messageId":"welcome-msg-2"}
2026-06-16 13:34:08 [Application] info: [email:service] Sending email {"to":["user@example.com"],"subject":"Reset your Maven CRM QR password","hasHtml":true,"hasText":true,"hasAttachments":false}
2026-06-16 13:34:08 [Application] info: [email:service] Email delivered {"to":["user@example.com"],"subject":"Reset your Maven CRM QR password","messageId":"reset-msg"}
2026-06-16 13:34:09 [Application] info: [email:service] Sending email {"to":["user@example.com"],"subject":"Reset your Maven CRM QR password","hasHtml":true,"hasText":true,"hasAttachments":false}
2026-06-16 13:34:09 [Application] info: [email:service] Email delivered {"to":["user@example.com"],"subject":"Reset your Maven CRM QR password","messageId":"reset-msg"}
2026-06-16 13:34:09 [Application] info: [email:service] Sending email {"to":["user@example.com"],"subject":"Your OTP code — Maven CRM QR","hasHtml":true,"hasText":true,"hasAttachments":false}
2026-06-16 13:34:09 [Application] info: [email:service] Email delivered {"to":["user@example.com"],"subject":"Your OTP code — Maven CRM QR","messageId":"otp-msg"}
2026-06-16 13:34:09 [Application] info: [email:service] Sending email {"to":["user@example.com"],"subject":"Your OTP code — Maven CRM QR","hasHtml":true,"hasText":true,"hasAttachments":false}
2026-06-16 13:34:09 [Application] info: [email:service] Email delivered {"to":["user@example.com"],"subject":"Your OTP code — Maven CRM QR","messageId":"otp-msg-2"}
2026-06-16 13:34:09 [Application] info: [email:service] Sending email {"to":["candidate@example.com"],"subject":"Application submitted — Software Engineer at Tech Corp","hasHtml":true,"hasText":true,"hasAttachments":false}
2026-06-16 13:34:09 [Application] info: [email:service] Email delivered {"to":["candidate@example.com"],"subject":"Application submitted — Software Engineer at Tech Corp","messageId":"app-msg"}
2026-06-16 13:34:09 [Application] error: [EmailDeliveryError] EMAIL_TRANSPORT_ERROR: Provider does not support connection verification {"code":"EMAIL_TRANSPORT_ERROR","recipient":null,"subject":null}
2026-06-16 13:34:09 [Application] info: [email:factory] Creating provider {"environment":"production"}
2026-06-16 13:34:09 [Application] info: [email:factory] Using SES provider (production)
2026-06-16 13:34:09 [Application] info: [email:factory] Creating provider {"environment":"development"}
2026-06-16 13:34:09 [Application] info: [email:factory] Using SMTP provider (development)
2026-06-16 13:34:09 [Application] info: [email:factory] Creating provider {"environment":"test"}
2026-06-16 13:34:09 [Application] info: [email:factory] Using SMTP provider (test)
2026-06-16 13:34:09 [Application] info: [email:factory] Creating provider {"environment":"staging"}
2026-06-16 13:34:09 [Application] info: [email:factory] Using SMTP provider (staging)
2026-06-16 13:34:09 [Application] info: [email:factory] Creating provider {"environment":"unknown"}
2026-06-16 13:34:09 [Application] warn: [email:factory] Unknown environment "unknown", falling back to SMTP
2026-06-16 13:34:09 [Application] info: [email:factory] Creating provider {"environment":"development"}
2026-06-16 13:34:09 [Application] info: [email:factory] Using SMTP provider (development)
2026-06-16 13:34:09 [Application] info: [email:factory] Creating provider {"environment":"production"}
2026-06-16 13:34:09 [Application] info: [email:factory] Using SES provider (production)
2026-06-16 13:34:09 [Application] error: [retry] email send exhausted all 2 attempts {"attempts":2,"error":"down"}
2026-06-16 13:34:09 [Application] warn: [retry] email send failed with non-transient error (attempt 1/3), not retrying {"attempt":1,"maxAttempts":3,"error":"bad request","code":"InvalidInput"}
2026-06-16 13:34:09 [Application] debug: [email:smtp] Sending email {"to":["recipient@example.com"],"subject":"Test Subject","hasHtml":true,"hasText":true,"hasAttachments":false,"attempt":2}
2026-06-16 13:34:09 [Application] warn: [retry] SMTP email to recipient@example.com failed (attempt 2/3), retrying in 2103ms {"attempt":2,"maxAttempts":3,"delay":2103,"error":"Service unavailable","transient":true}
2026-06-16 13:34:09 [Application] error: [TemplateValidationError] Template "test" has missing placeholders: code {"templateName":"test","missingPlaceholders":["code"],"extraVariables":[]}
2026-06-16 13:34:09 [Application] error: [TemplateValidationError] Template "test" has missing placeholders: email {"templateName":"test","missingPlaceholders":["email"],"extraVariables":[]}
2026-06-16 13:34:09 [Application] error: [TemplateValidationError] Template "test" received unused variables: extra {"templateName":"test","missingPlaceholders":[],"extraVariables":["extra"]}
2026-06-16 13:34:09 [Application] error: [TemplateValidationError] Template must be a string {"templateName":"unknown","missingPlaceholders":[],"extraVariables":[]}
2026-06-16 13:34:10 [Application] error: [TemplateValidationError] Variables must be an object {"templateName":"unknown","missingPlaceholders":[],"extraVariables":[]}
2026-06-16 13:34:10 [Application] error: [TemplateValidationError] Template "test" has missing placeholders: name {"templateName":"test","missingPlaceholders":["name"],"extraVariables":[]}
2026-06-16 13:34:10 [Application] error: [TemplateValidationError] Template "unknown" has missing placeholders: name {"templateName":"unknown","missingPlaceholders":["name"],"extraVariables":[]}
2026-06-16 13:34:10 [Application] error: [TemplateValidationError] Template "html-template" has missing placeholders: code {"templateName":"html-template","missingPlaceholders":["code"],"extraVariables":[]}
2026-06-16 13:34:10 [Application] debug: [email:ses] Sending email {"to":["recipient@example.com"],"subject":"Test Subject","hasHtml":true,"hasText":true,"attempt":2}
2026-06-16 13:34:10 [Application] info: [email:ses] Sent successfully {"to":["recipient@example.com"],"subject":"Test Subject","messageId":"msg-5xx-retry","attempt":2}
2026-06-16 13:34:10 [Application] info: [retry] SES email to recipient@example.com succeeded on attempt 2/3
2026-06-16 13:34:10 [Application] info: [email:ses] Creating SES client {"region":"ap-south-1","hasCredentials":true,"useDefaultCredentialChain":false}
2026-06-16 13:34:10 [Application] debug: [email:ses] Sending email {"to":["recipient@example.com"],"subject":"Test Subject","hasHtml":true,"hasText":true,"attempt":1}
2026-06-16 13:34:10 [Application] warn: [retry] SES email to recipient@example.com failed (attempt 1/3), retrying in 1006ms {"attempt":1,"maxAttempts":3,"delay":1006,"error":"Rate exceeded","transient":true}
2026-06-16 13:34:09 [Application] error: [AttachmentValidationError] Attachment "virus.exe" has disallowed content type: application/x-msdownload {"filename":"virus.exe","contentType":"application/x-msdownload","size":null}
2026-06-16 13:34:09 [Application] error: [AttachmentValidationError] Attachment "large.pdf" exceeds maximum size of 10485760 bytes {"filename":"large.pdf","contentType":null,"size":15728640}
2026-06-16 13:34:09 [Application] error: [AttachmentValidationError] Attachment at index 0: provide either content or path, not both {"filename":"conflict.pdf","contentType":null,"size":null}
2026-06-16 13:34:09 [Application] error: [AttachmentValidationError] Attachment at index 0: filename, content, or path is required {"filename":null,"contentType":null,"size":null}
2026-06-16 13:34:09 [Application] info: [email:attachments] Virus scan hook cleared
2026-06-16 13:34:09 [Application] info: [email:attachments] Virus scan hook cleared
2026-06-16 13:34:09 [Application] info: [email:attachments] Virus scan hook registered
2026-06-16 13:34:09 [Application] info: [email:attachments] Virus scan hook cleared
2026-06-16 13:34:09 [Application] info: [email:attachments] Virus scan hook registered
2026-06-16 13:34:10 [Application] error: [AttachmentValidationError] Attachment "bad.pdf" failed virus scan: Trojan detected {"filename":"bad.pdf","contentType":"application/pdf","size":null}
2026-06-16 13:34:10 [Application] info: [email:attachments] Virus scan hook cleared
2026-06-16 13:34:10 [Application] info: [email:attachments] Virus scan hook registered
2026-06-16 13:34:10 [Application] error: [email:attachments] Virus scan error {"filename":"doc.pdf","error":"Scan service down"}
2026-06-16 13:34:10 [Application] error: [AttachmentValidationError] Virus scan failed for "doc.pdf": Scan service down {"filename":"doc.pdf","contentType":null,"size":null}
2026-06-16 13:34:10 [Application] info: [email:attachments] Virus scan hook cleared
2026-06-16 13:34:10 [Application] info: [email:attachments] Virus scan hook cleared
2026-06-16 13:34:10 [Application] info: [email:attachments] Virus scan hook registered
2026-06-16 13:34:09 [Application] debug: [EventBus] No handlers for event: nonexistent
2026-06-16 13:34:09 [Application] debug: [EventBus] No handlers for event: test.event
2026-06-16 13:34:09 [Application] error: [EventBus] Async handler error for test.async: async error {"event":"test.async","error":"async error"}
2026-06-16 13:34:09 [Application] error: [EventBus] Handler error for test.sync: sync error {"event":"test.sync","error":"sync error"}
2026-06-16 13:34:10 [Application] info: [email:queue] Queue closed
2026-06-16 13:34:10 [Application] warn: [email:queue] bullmq is not installed. Install it with: npm install bullmq
2026-06-16 13:34:10 [Application] info: [email:queue] Falling back to immediate delivery
2026-06-16 13:34:10 [Application] info: [email:queue] Queue closed
2026-06-16 13:34:10 [Application] info: [email:sandbox] SES quota check complete {"sandbox":true,"maxSendRate":1,"max24HourSend":200}
2026-06-16 13:34:10 [Application] info: [email:sandbox] SES quota check complete {"sandbox":false,"maxSendRate":14,"max24HourSend":50000}
2026-06-16 13:34:10 [Application] warn: [email:sandbox] Could not check SES quota {"error":"AccessDenied"}
2026-06-16 13:34:10 [Application] warn: [rateLimiter:email-rate-limiter] Rate limit exceeded {"maxPerWindow":1,"windowMs":60000}
2026-06-16 13:34:10 [Application] error: [EmailDeliveryError] EMAIL_THROTTLING_ERROR: Rate limit exceeded: maximum 1 emails per 60s {"code":"EMAIL_THROTTLING_ERROR","recipient":null,"subject":null}
2026-06-16 13:34:10 [Application] warn: [rateLimiter:email-rate-limiter] Rate limit exceeded {"maxPerWindow":1,"windowMs":60000}
2026-06-16 13:34:10 [Application] error: [EmailDeliveryError] EMAIL_THROTTLING_ERROR: Rate limit exceeded: maximum 1 emails per 60s {"code":"EMAIL_THROTTLING_ERROR","recipient":null,"subject":null}
2026-06-16 13:34:10 [Application] error: [EmailDeliveryError] EMAIL_DELIVERY_ERROR: Something went wrong {"code":"EMAIL_DELIVERY_ERROR","recipient":null,"subject":null}
2026-06-16 13:34:10 [Application] error: [EmailDeliveryError] EMAIL_CONFIG_ERROR: Config error {"code":"EMAIL_CONFIG_ERROR","recipient":null,"subject":null}
2026-06-16 13:34:10 [Application] error: [EmailDeliveryError] EMAIL_DELIVERY_ERROR: Wrapped {"code":"EMAIL_DELIVERY_ERROR","recipient":null,"subject":null}
2026-06-16 13:34:10 [Application] error: [EmailDeliveryError] EMAIL_DELIVERY_ERROR: Failed {"code":"EMAIL_DELIVERY_ERROR","recipient":"u**r@example.com","subject":"Test"}
2026-06-16 13:34:10 [Application] error: [EmailDeliveryError] EMAIL_DELIVERY_ERROR: Test {"code":"EMAIL_DELIVERY_ERROR","recipient":"j*****e@example.com","subject":null}
2026-06-16 13:34:10 [Application] error: [EmailDeliveryError] EMAIL_TEST_ERROR: Error message {"code":"EMAIL_TEST_ERROR","recipient":null,"subject":null}
2026-06-16 13:34:11 [Application] debug: [email:ses] Sending email {"to":["recipient@example.com"],"subject":"Test Subject","hasHtml":true,"hasText":true,"attempt":2}
2026-06-16 13:34:11 [Application] warn: [retry] SES email to recipient@example.com failed (attempt 2/3), retrying in 2013ms {"attempt":2,"maxAttempts":3,"delay":2013,"error":"Rate exceeded","transient":true}
2026-06-16 13:34:11 [Application] debug: [email:smtp] Sending email {"to":["recipient@example.com"],"subject":"Test Subject","hasHtml":true,"hasText":true,"hasAttachments":false,"attempt":3}
2026-06-16 13:34:11 [Application] error: [retry] SMTP email to recipient@example.com exhausted all 3 attempts {"attempts":3,"error":"Service unavailable"}
2026-06-16 13:34:11 [Application] error: [EmailDeliveryError] EMAIL_TRANSPORT_ERROR: SMTP send failed after retries: Service unavailable {"code":"EMAIL_TRANSPORT_ERROR","recipient":"r*******t@example.com","subject":"Test Subject"}
2026-06-16 13:34:12 [Application] info: [email:smtp] Creating SMTP transport with connection pooling {"host":"smtp.example.com","port":587,"pool":true}
2026-06-16 13:34:12 [Application] debug: [email:smtp] Sending email {"to":["invalid"],"subject":"Test Subject","hasHtml":true,"hasText":true,"hasAttachments":false,"attempt":1}
2026-06-16 13:34:12 [Application] warn: [retry] SMTP email to invalid failed with non-transient error (attempt 1/3), not retrying {"attempt":1,"maxAttempts":3,"error":"Invalid email address","code":"InvalidAddress"}
2026-06-16 13:34:12 [Application] error: [EmailDeliveryError] EMAIL_TRANSPORT_ERROR: SMTP send failed after retries: Invalid email address {"code":"EMAIL_TRANSPORT_ERROR","recipient":"invalid","subject":"Test Subject"}
2026-06-16 13:34:12 [Application] error: [EmailDeliveryError] EMAIL_VALIDATION_ERROR: Recipient (to) and subject are required {"code":"EMAIL_VALIDATION_ERROR","recipient":null,"subject":"Test"}
2026-06-16 13:34:12 [Application] error: [EmailDeliveryError] EMAIL_VALIDATION_ERROR: Recipient (to) and subject are required {"code":"EMAIL_VALIDATION_ERROR","recipient":null,"subject":"Test"}
2026-06-16 13:34:12 [Application] error: [EmailDeliveryError] EMAIL_VALIDATION_ERROR: Recipient (to) and subject are required {"code":"EMAIL_VALIDATION_ERROR","recipient":"u**r@example.com","subject":null}
2026-06-16 13:34:12 [Application] info: [email:smtp] Creating SMTP transport with connection pooling {"host":"smtp.example.com","port":587,"pool":true}
2026-06-16 13:34:12 [Application] info: [email:smtp] Connection verified successfully
2026-06-16 13:34:12 [Application] info: [email:smtp] Creating SMTP transport with connection pooling {"host":"smtp.example.com","port":587,"pool":true}
2026-06-16 13:34:12 [Application] error: [email:smtp] Connection verification failed {"error":"Connection failed"}
2026-06-16 13:34:12 [Application] error: [EmailDeliveryError] EMAIL_TRANSPORT_ERROR: SMTP connection verification failed: Connection failed {"code":"EMAIL_TRANSPORT_ERROR","recipient":null,"subject":null}
2026-06-16 13:34:12 [Application] info: [email:smtp] Creating SMTP transport with connection pooling {"host":"smtp.example.com","port":587,"pool":true}
2026-06-16 13:34:12 [Application] info: [email:smtp] Transport closed
2026-06-16 13:34:13 [Application] debug: [email:ses] Sending email {"to":["recipient@example.com"],"subject":"Test Subject","hasHtml":true,"hasText":true,"attempt":3}
2026-06-16 13:34:13 [Application] error: [retry] SES email to recipient@example.com exhausted all 3 attempts {"attempts":3,"error":"Rate exceeded"}
2026-06-16 13:34:13 [Application] error: [EmailDeliveryError] EMAIL_TRANSPORT_ERROR: SES send failed after retries: Rate exceeded {"code":"EMAIL_TRANSPORT_ERROR","recipient":"r*******t@example.com","subject":"Test Subject"}
2026-06-16 13:34:13 [Application] info: [email:ses] Creating SES client {"region":"ap-south-1","hasCredentials":true,"useDefaultCredentialChain":false}
2026-06-16 13:34:13 [Application] debug: [email:ses] Sending email {"to":["recipient@example.com"],"subject":"Test Subject","hasHtml":true,"hasText":true,"attempt":1}
2026-06-16 13:34:13 [Application] warn: [retry] SES email to recipient@example.com failed with non-transient error (attempt 1/3), not retrying {"attempt":1,"maxAttempts":3,"error":"Email address is not verified","code":"MessageRejected"}
2026-06-16 13:34:13 [Application] error: [EmailDeliveryError] EMAIL_TRANSPORT_ERROR: SES send failed after retries: Email address is not verified {"code":"EMAIL_TRANSPORT_ERROR","recipient":"r*******t@example.com","subject":"Test Subject"}
2026-06-16 13:34:13 [Application] error: [EmailDeliveryError] EMAIL_VALIDATION_ERROR: Recipient (to) and subject are required {"code":"EMAIL_VALIDATION_ERROR","recipient":null,"subject":"Test"}
2026-06-16 13:34:13 [Application] error: [EmailDeliveryError] EMAIL_VALIDATION_ERROR: Recipient (to) and subject are required {"code":"EMAIL_VALIDATION_ERROR","recipient":"u**r@example.com","subject":null}
2026-06-16 13:34:13 [Application] info: [email:ses] Creating SES client {"region":"ap-south-1","hasCredentials":true,"useDefaultCredentialChain":false}
2026-06-16 13:34:13 [Application] error: [EmailDeliveryError] EMAIL_VALIDATION_ERROR: Email body (html or text) is required {"code":"EMAIL_VALIDATION_ERROR","recipient":"u**r@example.com","subject":null}
2026-06-16 13:34:13 [Application] info: [email:ses] Creating SES client {"region":"ap-south-1","hasCredentials":true,"useDefaultCredentialChain":false}
2026-06-16 13:34:13 [Application] debug: [email:ses] Sending email {"to":["a@example.com","b@example.com"],"subject":"Multiple","hasHtml":true,"hasText":false,"attempt":1}
2026-06-16 13:34:13 [Application] info: [email:ses] Sent successfully {"to":["a@example.com","b@example.com"],"subject":"Multiple","messageId":"msg-multi","attempt":1}
2026-06-16 13:34:13 [Application] info: [email:ses] Creating SES client {"region":"ap-south-1","hasCredentials":true,"useDefaultCredentialChain":false}
2026-06-16 13:34:13 [Application] info: [email:ses] SES client destroyed
2026-06-16 14:11:03 [Maven CRM QR] info: [notif] All email subscribers registered
2026-06-16 14:14:30 [Maven CRM QR] info: [email:factory] Creating provider {"environment":"development"}
2026-06-16 14:14:30 [Maven CRM QR] info: [email:factory] Using SMTP provider (development)
2026-06-16 14:14:30 [Maven CRM QR] info: [email:service] Sending email {"to":["ashu2kathait@gmail.com"],"subject":"Welcome to Maven Jobs","hasHtml":true,"hasText":false,"hasAttachments":false}
2026-06-16 14:14:30 [Maven CRM QR] info: [email:smtp] Creating SMTP transport with connection pooling {"host":"email-smtp.ap-south-1.amazonaws.com","port":587,"pool":true}
2026-06-16 14:14:30 [Maven CRM QR] debug: [email:smtp] Sending email {"to":["ashu2kathait@gmail.com"],"subject":"Welcome to Maven Jobs","hasHtml":true,"hasText":false,"hasAttachments":false,"attempt":1}
2026-06-16 14:14:32 [Maven CRM QR] warn: [retry] SMTP email to ashu2kathait@gmail.com failed with non-transient error (attempt 1/3), not retrying {"attempt":1,"maxAttempts":3,"error":"Message failed: 554 Message rejected: Email address is not verified. The following identities failed the check in region AP-SOUTH-1: ashu2kathait@gmail.com","code":"EMESSAGE"}
2026-06-16 14:14:32 [Maven CRM QR] error: [EmailDeliveryError] EMAIL_TRANSPORT_ERROR: SMTP send failed after retries: Message failed: 554 Message rejected: Email address is not verified. The following identities failed the check in region AP-SOUTH-1: ashu2kathait@gmail.com {"code":"EMAIL_TRANSPORT_ERROR","recipient":"a**********t@gmail.com","subject":"Welcome to Maven Jobs"}
2026-06-16 14:14:32 [Maven CRM QR] warn: [notif:candidate.registered] Failed to send {"event":"candidate.registered","recipient":"a***@gmail.com","error":"SMTP send failed after retries: Message failed: 554 Message rejected: Email address is not verified. The following identities failed the check in region AP-SOUTH-1: ashu2kathait@gmail.com","latency":2855,"fullName":"Ashu Kathait"}
2026-06-16 14:20:03 [Maven CRM QR] info: [email:service] Sending email {"to":["ashu2kathait@gmail.com"],"subject":"Welcome to Maven Jobs","hasHtml":true,"hasText":false,"hasAttachments":false}
2026-06-16 14:20:03 [Maven CRM QR] debug: [email:smtp] Sending email {"to":["ashu2kathait@gmail.com"],"subject":"Welcome to Maven Jobs","hasHtml":true,"hasText":false,"hasAttachments":false,"attempt":1}
2026-06-16 14:20:07 [Maven CRM QR] info: [email:smtp] Sent successfully {"to":["ashu2kathait@gmail.com"],"subject":"Welcome to Maven Jobs","messageId":"<1921bfe9-b0d2-3ac4-3548-bad31de921e1@gmail.com>","response":"250 Ok 0109019ecf9faec5-28b30d54-e12d-409e-aaac-0aceccf3a832-000000","attempt":1}
2026-06-16 14:20:07 [Maven CRM QR] info: [email:service] Email delivered {"to":["ashu2kathait@gmail.com"],"subject":"Welcome to Maven Jobs","messageId":"<1921bfe9-b0d2-3ac4-3548-bad31de921e1@gmail.com>"}
2026-06-16 14:20:07 [Maven CRM QR] info: [notif:candidate.registered] Email sent {"event":"candidate.registered","recipient":"a***@gmail.com","messageId":"<1921bfe9-b0d2-3ac4-3548-bad31de921e1@gmail.com>","latency":3149,"fullName":"ashu Kathait"}
2026-06-16 14:22:21 [Maven CRM QR] info: [email:service] Sending email {"to":["ashu2kathait@gmail.com"],"subject":"Application Received","hasHtml":true,"hasText":false,"hasAttachments":false}
2026-06-16 14:22:21 [Maven CRM QR] debug: [email:smtp] Sending email {"to":["ashu2kathait@gmail.com"],"subject":"Application Received","hasHtml":true,"hasText":false,"hasAttachments":false,"attempt":1}
2026-06-16 14:22:23 [Maven CRM QR] info: [email:smtp] Sent successfully {"to":["ashu2kathait@gmail.com"],"subject":"Application Received","messageId":"<76eb7ee5-221f-2ca6-8146-f6fcfc9428bd@gmail.com>","response":"250 Ok 0109019ecfa1c405-8dfdb0e9-9a3a-43d4-8717-9a422163553c-000000","attempt":1}
2026-06-16 14:22:23 [Maven CRM QR] info: [email:service] Email delivered {"to":["ashu2kathait@gmail.com"],"subject":"Application Received","messageId":"<76eb7ee5-221f-2ca6-8146-f6fcfc9428bd@gmail.com>"}
2026-06-16 14:22:23 [Maven CRM QR] info: [notif:candidate.application_submitted] Email sent {"event":"candidate.application_submitted","recipient":"a***@gmail.com","messageId":"<76eb7ee5-221f-2ca6-8146-f6fcfc9428bd@gmail.com>","latency":2435,"jobTitle":"MERN","companyName":"The Gojo Clan"}
2026-06-16 15:40:31 [Maven CRM QR] info: [notif] All email subscribers registered
